id	MU:galactitol_builds acid from	MU:glycerol_builds acid from	MU:lactose_builds acid from	MU:maltose_builds acid from	MU:sucrose_builds acid from	MU:amygdalin_builds acid from	MU:arbutin_builds acid from	MU:cellobiose_builds acid from	MU:D-arabinose_builds acid from	MU:D-arabitol_builds acid from	MU:D-fructose_builds acid from	MU:D-fucose_builds acid from	MU:D-galactose_builds acid from	MU:D-glucose_builds acid from	MU:D-lyxose_builds acid from	MU:D-mannitol_builds acid from	MU:D-mannose_builds acid from	MU:D-ribose_builds acid from	MU:D-sorbitol_builds acid from	MU:D-tagatose_builds acid from	MU:D-xylose_builds acid from	MU:erythritol_builds acid from	MU:esculin_builds acid from	MU:gentiobiose_builds acid from	MU:gluconate_builds acid from	MU:glycogen_builds acid from	MU:inulin_builds acid from	MU:L-arabinose_builds acid from	MU:L-arabitol_builds acid from	MU:L-fucose_builds acid from	MU:L-rhamnose_builds acid from	MU:L-sorbose_builds acid from	MU:L-xylose_builds acid from	MU:melezitose_builds acid from	MU:methyl alpha-D-glucopyranoside_builds acid from	MU:methyl alpha-D-mannoside_builds acid from	MU:methyl beta-D-xylopyranoside_builds acid from	MU:myo-inositol_builds acid from	MU:N-acetylglucosamine_builds acid from	MU:raffinose_builds acid from	MU:ribitol_builds acid from	MU:turanose_builds acid from	MU:xylitol_builds acid from	MU:trehalose_builds acid from	MU:Potassium 2-ketogluconate_builds acid from	MU:Potassium 5-ketogluconate_builds acid from
416	0	0	0	0	0	0	0	0	0	0	0	0	0	0	0	0	2	0	0	0	0	0	2	0	0	0	0	0	0	0	0	0	0	0	0	0	0	0	0	0	0	0	0	0	0	2
572	0	0	0	0	0	0	0	0	0	0	0	0	0	0	0	0	0	0	0	0	0	0	2	0	0	0	0	0	0	0	0	0	0	0	0	0	0	0	0	0	0	0	0	0	0	2
683	0	0	0	0	0	0	0	0	0	0	0	0	0	0	0	0	0	0	0	0	0	0	2	0	0	0	0	0	0	0	0	0	0	0	0	0	0	0	0	0	0	2	0	0	0	0
628	0	0	0	2	2	0	2	2	0	0	2	0	0	2	0	0	0	2	0	0	0	0	2	0	0	2	0	0	0	0	0	0	0	0	0	0	0	0	2	0	0	0	0	2	0	0
599	0	0	0	2	0	0	0	0	0	0	0	0	0	0	0	0	0	0	0	0	0	0	0	0	0	0	0	0	0	0	0	0	0	0	0	0	0	0	0	0	0	0	0	2	0	0
751	0	0	0	0	2	0	2	2	0	0	2	0	0	2	0	2	2	2	0	2	0	0	2	2	0	0	0	2	0	0	0	0	0	0	0	0	0	0	2	0	0	0	0	2	0	0
834	0	0	0	0	2	0	0	0	0	0	2	0	0	0	0	0	0	0	0	0	0	0	0	0	0	0	0	0	0	0	0	0	0	0	0	0	0	0	2	0	0	0	0	2	0	0
815	0	2	0	2	0	0	0	0	0	0	2	0	0	2	2	2	0	2	0	2	2	0	0	0	2	0	0	2	0	0	2	0	2	0	0	0	0	0	0	0	0	2	0	2	0	2
1075	0	0	0	0	2	0	2	0	0	0	2	0	0	2	0	2	2	0	0	0	0	0	2	0	0	0	0	0	0	0	0	0	0	0	0	0	0	0	2	0	0	0	0	2	0	0
1187	0	2	0	2	2	0	2	2	0	0	2	0	0	2	0	2	2	2	2	0	2	0	2	2	2	2	2	2	0	0	0	0	0	0	2	0	0	0	0	0	0	0	0	2	0	0
1153	0	0	0	2	0	2	2	2	0	0	2	0	0	2	0	0	0	2	0	0	0	0	2	0	0	2	0	0	0	0	0	0	0	0	0	0	0	0	2	0	0	0	0	2	0	0
1687	0	0	2	2	2	2	2	2	0	0	0	0	2	2	0	0	0	2	0	0	2	0	2	2	0	0	0	2	0	0	0	0	0	0	2	0	0	0	0	2	0	0	0	0	0	0
1763	0	0	0	2	2	2	2	0	0	0	2	0	0	2	0	0	0	2	0	0	2	0	2	2	0	2	0	0	0	0	0	0	0	0	0	0	0	0	0	2	0	2	0	0	0	0
1756	0	0	2	2	2	2	2	2	0	0	2	0	2	2	0	0	2	0	0	0	2	0	2	2	2	2	0	2	0	0	0	0	0	0	2	2	0	0	2	2	0	2	0	0	0	0
1752	0	0	2	2	2	2	2	2	0	0	2	0	2	2	0	0	0	2	0	0	2	0	2	2	2	0	0	2	0	0	0	0	0	0	2	0	0	0	0	2	0	2	0	0	0	0
1747	0	0	2	0	0	0	0	0	0	0	0	0	2	2	0	0	0	2	0	0	0	0	2	2	0	0	0	0	0	0	0	0	0	0	0	0	0	0	0	2	0	0	0	0	0	0
1741	0	0	0	0	0	0	0	0	0	0	0	0	0	0	0	2	0	2	0	0	0	0	2	2	0	2	0	0	0	0	0	0	0	0	0	0	0	0	0	2	0	0	0	0	0	0
1722	0	0	0	2	2	0	2	0	0	0	2	0	2	2	0	0	0	0	0	0	0	0	2	0	0	2	0	0	0	0	0	0	0	0	2	0	0	0	0	2	0	2	0	0	0	0
1721	0	0	0	2	2	0	0	0	0	0	2	0	2	2	0	0	0	0	0	0	0	0	2	0	0	0	0	0	0	0	0	0	0	0	0	0	0	0	0	2	0	0	0	0	0	0
1718	0	0	0	0	0	0	2	0	0	0	0	0	0	0	0	0	0	2	0	0	0	0	2	0	0	0	0	0	0	0	0	0	0	0	0	0	0	0	0	0	0	0	0	0	2	2
1717	0	0	2	2	2	0	0	0	0	0	2	0	2	2	0	0	0	2	0	0	2	0	2	0	0	2	0	2	0	0	0	0	0	0	2	0	0	0	0	2	0	2	0	0	0	0
1699	0	0	2	2	2	0	0	0	0	0	0	0	0	2	0	0	0	2	0	0	2	0	0	0	0	2	0	0	0	0	0	0	0	0	0	0	0	0	0	2	0	0	0	0	0	0
1694	0	0	0	2	2	0	0	0	0	0	2	0	2	2	0	0	0	0	0	0	0	0	2	0	0	2	0	0	0	0	0	0	0	0	2	0	0	0	0	2	0	0	0	0	0	0
1863	0	0	0	2	0	0	0	0	0	0	0	0	0	0	0	0	0	0	0	0	0	0	2	0	0	0	0	0	0	0	0	0	0	0	0	0	0	0	0	0	0	0	0	0	0	0
1961	0	2	0	0	0	0	0	2	2	2	2	0	2	2	0	2	2	0	2	0	2	0	0	0	2	0	0	2	0	2	2	2	0	0	0	0	0	2	2	0	2	0	0	2	2	2
1887	0	0	0	2	0	0	0	0	2	2	2	0	2	2	0	0	2	0	0	2	0	2	0	0	0	0	0	2	0	0	2	0	0	0	0	0	0	0	2	0	2	2	0	2	2	0
2256	0	0	0	2	2	0	2	2	0	0	2	0	2	2	0	0	2	2	0	0	0	0	2	2	0	0	0	0	0	0	0	0	0	0	0	0	0	0	2	0	0	0	0	2	0	0
2253	0	0	0	2	2	2	2	2	0	0	2	0	0	2	0	0	2	2	0	0	0	0	2	2	0	0	0	0	0	0	0	0	0	2	0	0	0	0	2	0	0	0	0	2	0	0
2287	0	0	0	0	0	0	0	0	0	0	0	0	0	0	0	0	0	0	0	0	0	0	2	0	0	0	0	0	0	0	0	0	0	0	0	0	0	0	0	0	0	0	0	0	0	0
4414	2	2	2	2	0	0	0	0	0	0	2	0	2	2	0	2	2	2	2	0	2	0	0	0	2	0	0	2	0	2	2	0	2	0	0	0	2	0	2	0	2	0	0	2	0	2
4907	0	2	2	2	0	0	0	0	2	0	2	0	2	2	0	2	2	2	2	2	0	0	0	2	2	0	0	2	0	2	2	2	0	0	0	0	0	0	2	0	0	0	0	2	0	0
5132	0	2	2	2	2	2	2	2	2	2	2	2	2	2	2	2	2	2	2	0	2	2	2	2	0	0	0	2	2	2	2	0	0	2	2	0	0	2	2	2	2	2	0	2	0	2
5255	0	0	0	2	0	2	2	2	0	0	2	0	2	2	0	0	2	2	0	2	0	0	2	2	0	0	0	2	0	0	0	0	0	0	0	0	0	0	2	0	0	2	0	2	0	0
5253	0	0	0	0	0	0	0	0	0	0	0	0	0	0	0	2	0	0	0	0	0	0	2	0	0	0	0	2	0	0	0	0	0	0	0	0	0	0	0	0	0	0	0	0	0	0
5194	0	2	0	0	0	0	0	0	0	0	2	0	0	0	0	0	2	0	0	0	0	0	2	0	2	0	0	0	0	0	0	0	0	0	0	0	0	0	2	0	0	0	0	2	0	2
6452	0	0	0	2	2	0	2	2	0	0	2	0	0	2	0	0	2	0	0	0	0	0	2	2	0	0	0	0	0	0	0	0	0	0	0	0	0	0	0	0	0	0	0	2	0	0
6448	0	0	2	0	0	0	0	0	0	0	2	0	0	2	0	0	2	0	0	0	0	0	0	0	0	0	0	0	0	0	0	0	0	0	0	0	0	0	0	0	0	0	0	0	0	0
6443	0	0	2	2	0	0	0	0	0	0	2	0	2	2	0	0	2	2	0	0	0	0	0	0	0	0	0	0	0	0	0	0	0	0	0	0	0	0	2	0	0	0	0	0	0	0
6440	0	0	2	2	2	0	0	0	0	0	2	0	2	2	0	2	2	0	0	0	0	0	0	0	0	0	0	0	0	0	0	0	0	0	0	0	0	0	2	0	0	0	0	0	0	0
6439	0	0	2	2	0	0	0	0	0	0	2	0	2	2	0	2	2	0	0	0	0	0	2	0	0	0	0	0	0	0	0	0	0	0	0	0	0	0	2	0	0	0	0	0	0	0
6436	0	0	0	2	0	0	0	0	0	0	2	0	0	0	0	0	0	2	0	0	2	0	0	0	2	0	0	2	0	0	0	0	0	0	0	0	0	0	0	0	0	0	0	0	0	2
6434	0	0	2	0	0	0	0	0	0	0	2	0	2	2	0	0	2	0	0	0	0	0	0	0	0	0	0	0	0	0	0	0	0	0	0	0	0	0	2	0	0	0	0	0	0	0
6433	0	0	2	0	0	0	0	0	0	0	2	0	2	2	0	0	2	0	0	0	0	0	0	0	0	0	0	0	0	0	0	0	0	0	0	0	0	0	2	0	0	0	0	0	0	0
6431	0	0	2	2	0	2	2	2	0	0	2	0	2	2	0	2	2	2	2	2	0	0	2	0	0	0	0	0	0	0	2	2	0	2	2	0	0	0	2	0	0	2	0	2	0	0
6417	0	0	0	2	2	0	0	0	0	0	2	0	0	2	0	0	2	0	0	0	0	0	0	0	0	0	0	0	0	0	0	0	0	0	0	0	0	0	0	0	0	0	0	2	0	0
6415	0	0	2	2	2	2	0	2	0	0	2	0	2	2	0	0	2	0	0	0	0	0	2	2	0	0	0	0	0	0	0	0	0	0	0	0	0	0	2	2	0	0	0	2	0	0
6409	0	0	0	2	2	2	2	2	0	0	2	0	0	2	0	0	2	2	0	0	0	0	2	2	0	0	0	2	0	0	0	0	0	0	0	0	0	0	2	0	0	0	0	2	0	0
6404	0	0	2	2	2	2	0	2	0	0	2	0	0	2	0	0	2	0	0	0	0	0	2	2	0	0	0	0	0	0	0	0	0	0	0	0	0	0	2	0	0	0	0	2	0	0
6402	0	0	0	2	0	0	0	0	0	0	2	0	0	2	0	2	2	0	0	0	0	0	0	0	0	0	0	0	0	0	0	0	0	0	0	0	0	0	2	0	0	0	0	2	0	0
6399	0	0	0	2	2	2	2	2	0	0	2	0	2	2	0	2	2	2	0	0	0	0	2	2	0	0	0	0	0	0	0	0	0	0	0	2	0	0	2	0	0	0	0	2	0	0
6392	0	0	0	2	2	2	2	2	0	0	2	0	2	2	0	0	2	2	0	0	2	0	2	2	0	0	0	2	0	0	0	0	0	0	0	0	0	0	2	0	0	0	0	0	0	0
6383	0	0	0	0	0	0	0	2	0	0	2	0	2	2	0	0	2	0	0	0	0	0	2	2	0	0	0	0	0	0	0	0	0	0	0	0	0	0	2	0	0	0	0	0	0	0
6382	0	0	0	0	0	2	2	2	0	0	2	0	0	2	0	0	2	0	0	0	0	0	2	2	0	0	0	0	0	0	0	0	0	0	0	2	0	0	2	0	0	0	0	2	0	0
6552	0	0	2	2	2	2	2	2	0	0	2	0	2	2	0	2	2	2	2	2	0	0	2	2	2	0	2	0	0	0	0	2	0	2	0	0	0	0	2	0	0	2	0	2	0	0
6551	0	0	0	2	2	2	2	2	0	0	2	0	2	2	0	2	2	2	2	2	0	0	2	2	2	0	0	0	2	0	0	0	0	2	0	0	0	0	2	0	0	2	0	2	0	0
6549	0	0	0	0	2	2	2	2	0	0	2	0	2	2	0	2	2	2	2	2	0	0	2	0	0	0	2	0	2	0	0	2	0	2	0	0	0	0	2	0	0	2	0	2	0	0
6545	2	0	0	2	2	2	2	2	0	0	2	0	2	2	0	2	2	2	2	2	0	0	2	2	2	0	2	0	0	0	0	0	0	2	2	0	0	0	2	0	0	2	0	2	0	0
6543	0	0	0	2	2	0	0	0	0	0	2	0	2	2	0	0	0	2	0	0	0	0	2	0	2	0	0	2	0	0	0	0	0	2	0	0	0	0	0	0	0	0	0	0	0	2
6530	0	0	0	2	0	0	0	0	0	2	0	0	0	2	0	0	0	2	0	0	2	0	0	0	0	0	0	2	0	0	0	0	0	0	0	0	2	0	0	0	0	0	0	0	0	0
6520	0	0	0	2	0	0	0	0	0	0	0	0	0	2	0	0	0	0	0	0	0	0	0	0	2	0	0	0	0	0	0	0	0	0	0	0	0	0	0	0	0	0	0	0	0	0
6516	0	0	0	0	2	0	0	2	0	0	2	0	2	2	0	0	2	2	0	0	0	0	2	0	2	0	0	0	0	0	0	0	0	0	0	0	0	0	2	0	0	0	0	0	0	0
6493	0	0	2	2	2	2	2	2	0	0	2	0	2	2	0	2	2	2	2	0	0	0	2	2	0	0	0	2	0	0	0	0	0	2	0	2	0	0	2	2	0	2	0	2	0	0
6491	0	2	2	2	2	2	2	2	0	0	2	0	2	2	0	2	2	2	2	0	2	0	2	2	0	0	0	0	0	0	0	0	0	0	2	0	0	0	2	0	0	0	0	2	0	0
6489	0	0	2	2	2	2	2	2	0	0	2	0	0	2	0	2	2	0	0	0	0	0	2	2	0	0	0	0	0	0	0	0	0	0	0	0	0	0	2	0	0	0	0	0	0	0
6486	0	0	0	2	2	2	0	0	0	2	2	0	2	2	0	0	0	2	0	0	2	0	2	2	2	0	0	2	0	0	0	0	0	0	0	0	0	0	0	2	0	0	0	0	0	0
6484	0	0	2	2	2	0	2	2	0	0	2	0	2	2	0	2	2	0	0	0	0	0	2	2	0	0	0	0	0	0	0	0	0	0	0	0	0	0	2	2	0	0	0	0	0	0
6483	0	0	0	0	2	2	2	2	0	0	2	0	0	2	0	2	2	0	2	0	0	0	2	0	0	0	0	0	0	0	0	0	0	0	0	0	0	0	2	0	0	0	0	2	0	0
6474	0	0	0	0	0	0	0	0	0	0	2	0	0	2	0	0	0	0	0	0	0	0	2	0	0	0	0	0	0	0	0	0	0	0	0	0	0	0	0	0	0	0	0	0	0	0
6472	0	0	0	2	0	0	0	0	0	0	0	0	2	2	0	0	0	2	0	0	0	0	0	0	0	0	0	2	0	0	0	0	0	0	0	0	0	0	0	0	2	0	0	0	0	0
6470	0	0	2	0	0	2	2	2	0	0	2	0	2	2	0	0	2	0	0	0	2	0	2	2	2	0	0	0	0	0	0	0	0	0	0	0	0	0	2	0	0	0	0	2	0	0
6469	0	0	2	0	0	2	2	2	0	0	2	0	2	2	0	0	2	0	0	0	2	0	2	2	0	0	0	0	0	0	0	0	0	0	0	0	0	0	2	0	0	0	0	2	0	0
6468	0	0	2	0	0	2	2	2	0	0	2	0	2	2	0	0	2	0	0	0	2	0	2	2	2	0	0	0	0	0	0	0	0	0	0	0	0	0	2	0	0	0	0	2	0	0
6463	0	0	0	0	0	0	0	0	0	0	0	0	0	2	0	0	0	2	0	0	0	0	0	0	0	0	0	0	0	0	0	0	0	0	0	0	0	0	0	0	0	0	0	0	0	0
6459	0	0	0	2	2	0	0	0	0	0	2	0	0	2	0	0	0	2	0	0	0	0	2	0	2	0	0	2	0	0	0	0	0	0	0	0	0	0	0	0	0	0	0	0	0	2
6455	0	0	2	2	2	0	2	2	0	0	2	0	2	2	0	0	2	0	0	2	0	0	2	2	0	0	0	0	0	0	0	0	0	0	2	0	0	0	2	0	0	0	0	2	0	0
6644	0	0	0	2	2	0	0	0	0	2	2	0	2	2	0	2	2	2	0	0	2	0	0	0	2	0	0	2	0	0	0	0	0	2	0	0	0	0	0	2	0	0	0	0	0	2
6643	0	0	2	2	2	0	0	0	0	0	2	0	2	2	0	2	0	2	0	0	0	0	0	0	2	0	0	2	0	0	0	0	0	2	0	0	0	0	0	2	0	0	0	0	0	0
6638	0	0	0	0	2	0	0	0	0	0	0	0	0	0	0	0	0	0	0	0	0	0	0	0	0	0	0	0	0	0	0	0	0	0	0	0	0	0	0	0	0	0	0	0	0	0
6626	0	0	2	2	2	2	2	2	0	0	2	0	2	2	0	2	2	2	2	0	0	0	2	2	2	0	0	0	0	0	0	0	0	0	0	0	0	0	2	2	0	0	0	2	0	0
6624	0	0	0	2	0	0	0	0	0	0	0	0	0	2	0	0	0	2	0	0	2	0	0	0	0	0	0	2	0	0	0	0	0	0	0	0	2	0	0	0	0	0	0	0	0	0
6621	0	0	0	0	2	0	2	0	0	0	2	0	0	2	0	2	2	0	0	2	0	0	2	0	0	0	0	0	0	0	0	2	0	0	0	0	0	0	2	0	0	2	0	2	0	0
6619	0	0	2	2	2	0	0	0	0	0	2	0	2	2	0	0	0	0	0	0	0	0	2	0	0	0	0	0	0	0	0	0	0	0	0	0	0	0	0	0	0	0	0	0	0	0
6617	0	0	0	2	2	0	2	0	0	0	2	0	0	2	0	0	0	0	0	0	0	0	2	0	2	0	0	0	0	0	0	0	0	0	0	0	0	0	0	2	0	0	0	2	0	0
6612	0	0	0	0	2	0	0	0	0	0	2	0	0	2	0	0	2	0	0	0	0	0	0	0	0	0	0	0	0	0	0	0	0	0	0	0	0	0	0	0	0	2	0	2	0	0
6610	0	0	2	0	2	0	0	0	0	0	2	0	0	2	0	0	2	0	0	0	0	0	0	0	0	0	0	0	0	0	0	0	0	0	0	0	0	0	0	0	0	0	0	0	0	0
6606	0	0	0	2	2	2	0	0	0	0	2	0	2	2	0	0	2	0	0	0	0	0	2	0	0	0	0	0	0	0	0	0	0	0	2	0	0	0	2	0	0	2	0	2	0	0
6602	0	0	0	2	2	0	0	0	0	0	2	0	2	2	0	0	2	2	0	0	0	0	2	2	2	0	0	2	0	0	0	0	0	0	0	0	0	0	2	0	0	0	0	2	0	0
6593	0	0	0	2	0	0	0	0	0	0	2	0	2	2	0	0	2	2	0	0	0	0	0	0	0	0	0	0	0	0	0	0	0	0	0	0	0	0	2	0	0	0	0	0	0	0
6590	0	0	2	2	0	2	2	2	0	0	2	0	2	2	0	0	2	2	0	2	2	0	2	2	0	0	0	0	0	0	0	0	0	0	0	0	0	0	2	0	0	0	0	2	0	0
6589	0	0	2	2	0	2	2	2	0	0	2	0	2	2	0	0	2	2	0	2	2	0	2	0	0	0	0	0	0	0	2	0	0	0	0	0	0	0	2	0	0	0	0	2	0	0
6588	0	0	2	2	0	2	2	2	0	0	2	0	2	2	0	0	2	2	0	2	2	0	2	0	0	0	0	0	0	0	2	0	0	0	0	0	0	0	2	0	0	0	0	2	0	0
6579	0	0	0	2	2	2	2	2	0	0	2	0	0	2	0	0	2	2	0	0	0	0	2	2	0	0	0	0	0	0	0	0	0	2	0	0	0	0	2	0	0	0	0	2	2	0
6578	0	0	0	2	2	2	2	2	0	0	2	0	0	2	0	0	2	2	0	0	2	0	2	2	2	0	0	2	0	0	0	0	0	2	0	0	0	0	2	0	0	0	0	2	0	0
6577	0	0	0	2	2	2	2	2	0	0	2	0	0	2	0	0	2	2	0	0	0	0	2	2	0	0	0	0	0	0	0	0	0	0	0	0	0	0	2	0	0	0	0	2	0	0
6574	0	0	0	2	2	2	2	2	2	0	2	0	2	2	0	0	2	0	2	2	0	0	2	0	0	0	0	2	0	0	0	0	0	0	2	0	0	0	2	2	0	0	0	2	0	0
6573	0	0	2	2	0	2	2	2	0	0	2	0	2	2	2	0	2	0	0	0	0	0	2	2	0	0	0	0	0	0	0	0	0	2	0	0	0	0	2	0	0	0	0	0	0	0
6569	0	0	2	2	2	2	2	2	0	0	2	0	2	2	0	2	2	0	0	0	0	0	2	2	2	0	0	0	0	0	0	0	0	2	0	0	0	0	2	2	0	0	0	2	0	0
6568	0	0	2	2	2	2	2	2	0	0	2	0	2	2	0	2	2	2	2	0	0	0	2	2	2	0	0	2	0	0	2	0	0	2	0	0	0	0	2	2	0	0	0	2	0	0
6565	0	0	2	2	2	2	0	2	0	0	2	0	2	2	0	0	2	0	0	0	0	0	2	0	0	2	0	0	0	0	0	0	0	0	0	0	0	0	0	2	0	0	0	0	0	0
6562	0	0	0	2	2	0	0	0	0	0	0	0	0	0	0	0	0	2	0	0	0	0	0	0	0	0	0	0	0	0	0	0	0	0	0	0	0	0	0	0	0	0	0	0	0	0
6561	0	0	2	0	2	0	0	2	0	0	2	0	0	2	0	0	0	0	0	2	0	0	2	2	0	0	0	0	0	0	0	0	0	0	0	0	0	0	2	2	0	0	0	2	0	0
6553	2	0	0	2	2	2	2	2	0	0	2	0	2	2	0	2	2	2	2	2	0	0	2	2	0	0	2	0	0	0	0	0	0	0	0	0	0	0	2	0	0	2	0	2	0	0
6705	0	0	2	2	2	2	0	2	0	0	2	0	2	2	0	0	2	0	0	0	0	0	2	2	0	0	0	0	0	0	0	0	0	0	0	0	0	0	2	2	0	0	0	2	0	0
6701	0	2	0	2	2	2	2	2	0	0	2	0	2	2	0	2	2	2	0	2	0	0	2	2	0	0	0	0	0	0	0	0	0	0	0	0	0	0	2	2	0	0	0	2	0	0
6700	0	0	0	2	2	2	2	2	0	0	2	0	0	2	0	0	2	0	0	0	0	0	2	2	0	0	0	0	0	0	0	0	0	0	0	0	0	0	2	0	0	0	0	0	0	0
6696	0	0	0	0	0	0	0	0	0	0	2	0	0	2	0	0	0	0	0	0	0	0	0	0	2	0	0	0	0	0	0	0	0	0	0	0	0	0	0	0	0	0	0	0	0	0
6695	0	0	0	0	0	0	0	0	0	0	2	0	0	0	0	0	0	0	0	0	0	0	0	0	0	0	0	0	0	0	0	0	0	0	0	0	0	0	0	0	0	0	0	0	0	0
6694	0	0	0	2	0	0	0	0	0	0	0	0	0	2	0	0	0	2	0	0	2	0	2	0	0	0	0	0	0	0	0	0	0	0	0	0	0	0	0	0	0	0	0	0	0	0
6693	0	0	2	2	2	2	2	2	0	0	2	0	2	2	0	0	2	0	0	0	0	0	2	2	0	0	0	0	0	0	0	0	0	0	0	0	0	0	2	2	0	0	0	0	0	0
6690	0	0	2	2	2	2	2	2	0	0	2	0	2	2	0	2	2	2	0	2	0	0	2	2	2	0	0	0	0	0	0	2	0	2	0	0	0	0	2	0	0	2	0	2	0	0
6685	0	0	0	2	0	0	0	0	0	0	2	0	0	2	0	0	0	2	0	0	0	0	0	0	2	0	0	2	0	0	0	0	0	0	0	0	0	0	0	0	0	0	0	0	0	0
6684	0	0	0	0	0	0	0	0	0	0	0	0	0	0	0	0	0	2	0	0	2	0	2	0	0	0	0	2	0	0	0	0	0	0	0	0	2	0	0	0	0	0	0	0	0	0
6681	0	0	0	2	0	0	0	2	0	0	2	0	0	2	0	0	2	0	0	0	0	0	2	0	0	0	0	0	0	0	0	0	0	0	0	0	0	0	2	0	0	0	0	0	0	0
6680	0	0	0	0	2	2	2	2	0	0	2	0	0	2	0	2	2	0	0	0	0	0	2	2	0	0	0	0	0	0	0	0	0	0	2	0	0	0	2	0	0	2	0	2	0	0
6679	0	0	0	2	0	0	0	0	0	0	2	0	0	2	0	0	0	2	0	0	2	0	2	0	2	0	0	0	0	0	0	0	0	0	0	0	0	0	2	0	0	0	0	0	0	0
6678	0	0	2	2	2	0	0	0	0	0	0	0	2	2	0	0	0	0	0	0	2	0	2	0	2	0	0	2	0	0	0	0	0	0	0	0	0	0	0	2	0	0	0	0	0	0
6674	0	0	0	0	0	0	0	0	2	0	2	0	2	2	0	0	2	0	0	0	0	0	2	0	0	0	0	0	0	0	0	0	0	0	0	0	0	0	2	0	0	0	0	0	0	0
6673	0	0	0	2	2	0	2	2	0	0	2	0	0	2	0	2	2	0	0	0	0	0	2	2	0	0	0	0	0	0	0	0	0	0	2	2	0	0	0	0	0	0	0	0	0	0
6672	0	0	0	2	2	0	2	2	0	0	2	0	0	2	0	2	2	0	0	0	0	0	2	2	0	0	0	0	0	0	0	0	0	0	2	2	0	0	0	0	0	0	0	0	0	0
6671	0	0	0	0	0	0	2	0	0	0	2	0	2	2	0	0	2	0	0	2	0	0	2	0	0	0	0	0	0	0	0	0	0	0	0	0	0	0	2	0	0	0	0	0	0	0
6670	0	0	0	2	0	2	2	2	0	0	2	0	2	2	0	0	2	0	0	0	2	0	2	2	0	0	0	0	0	0	0	0	0	0	0	0	0	0	2	0	0	0	0	0	0	0
6666	0	0	0	2	0	0	0	2	0	0	2	0	2	2	0	0	2	0	0	0	0	0	2	2	0	2	0	0	0	0	0	0	0	0	0	0	0	0	2	0	0	0	0	0	0	0
6664	0	0	2	2	2	0	2	0	0	0	2	0	2	2	0	2	2	0	2	0	0	0	2	0	0	0	0	0	2	0	0	0	0	0	0	0	0	0	2	2	0	0	0	2	0	0
6663	0	0	2	2	2	0	0	0	0	0	2	0	2	2	0	2	2	0	2	0	0	0	0	0	0	0	0	0	0	0	0	0	0	0	0	0	0	0	2	2	0	0	0	2	0	0
6662	0	0	0	2	0	0	0	0	0	0	0	0	0	2	0	0	0	2	0	0	0	0	0	0	2	0	0	0	0	0	0	0	0	0	0	0	0	0	2	0	0	0	0	0	0	0
6657	0	0	0	0	2	2	0	2	0	0	2	0	2	2	0	2	2	0	0	0	0	0	2	2	0	0	0	0	0	0	2	0	0	0	0	0	0	0	2	0	0	0	0	2	0	0
6849	0	0	0	2	0	0	0	0	0	0	2	0	0	2	0	0	2	0	0	0	0	0	0	0	0	0	0	0	0	0	0	0	0	0	0	0	0	0	2	0	0	0	0	0	0	0
6847	0	0	0	2	2	0	0	2	0	2	2	0	0	2	0	0	2	2	0	0	0	0	2	2	2	0	0	0	0	0	0	0	0	2	0	0	0	0	2	0	0	0	0	2	0	0
6841	0	0	0	0	2	2	2	2	0	0	2	0	0	2	0	0	2	2	0	0	2	0	2	0	0	0	0	0	0	0	0	0	0	0	0	0	0	0	0	0	0	2	0	2	0	0
6840	0	0	0	0	2	0	0	0	0	0	2	0	0	2	0	0	2	0	0	0	0	0	2	0	0	0	0	0	0	0	0	0	0	0	0	0	0	0	2	0	0	0	0	0	0	0
6838	0	0	0	2	2	0	0	2	0	0	2	0	0	2	0	0	2	2	0	0	2	0	2	0	0	0	0	2	0	0	0	0	0	0	2	0	0	0	2	2	0	2	0	2	0	0
6836	0	0	0	0	2	0	0	0	0	0	2	0	0	2	0	2	0	0	0	0	0	0	0	0	0	0	0	0	0	0	0	0	0	0	2	0	0	0	2	0	0	2	0	0	0	0
6830	0	0	0	0	2	0	0	2	0	0	2	0	0	2	0	0	2	2	0	0	2	0	2	0	0	0	0	2	0	0	0	0	0	0	0	0	0	0	0	2	0	2	0	2	0	0
6828	0	0	0	2	2	2	2	2	0	0	2	0	0	2	0	0	2	0	0	0	0	0	2	0	0	0	0	2	0	0	0	0	0	0	2	0	0	0	2	0	0	2	0	2	0	0
6823	0	0	2	2	2	2	2	2	0	0	2	0	2	2	0	2	2	0	0	0	2	0	2	0	0	0	0	2	0	0	0	0	0	0	2	0	0	0	2	2	0	2	0	2	0	0
6822	0	0	0	0	2	0	0	0	0	0	2	0	0	2	0	0	2	0	0	0	0	0	0	0	0	0	0	0	0	0	0	0	0	0	0	0	0	0	2	0	0	0	0	2	0	0
6821	0	0	0	2	0	0	0	0	0	0	2	0	2	2	0	0	2	0	0	0	0	0	0	0	0	0	2	0	0	0	0	0	0	0	0	0	0	0	0	0	0	0	0	0	0	0
6817	0	0	2	2	2	0	0	0	0	0	2	0	2	2	0	0	2	0	0	0	0	0	0	0	0	0	0	0	0	0	0	0	0	0	0	0	0	0	2	2	0	0	0	0	0	0
6812	0	0	0	0	0	0	0	0	0	0	0	0	0	0	0	0	0	0	0	0	0	0	2	0	0	0	0	2	0	0	0	0	0	0	0	0	0	0	0	0	0	0	0	0	0	0
6878	0	0	2	2	0	2	2	2	0	2	2	0	0	2	0	0	2	0	0	2	2	0	2	2	0	0	0	0	0	0	0	0	0	0	2	2	0	0	2	0	0	0	2	2	0	2
6874	0	0	0	2	0	2	2	2	0	2	2	0	0	2	0	0	2	0	0	0	0	0	2	2	0	0	0	0	0	0	2	0	0	0	2	2	0	0	2	0	0	0	0	2	0	0
6865	0	0	0	0	0	0	0	0	0	0	2	0	0	0	0	0	0	0	0	0	0	0	0	0	0	0	0	0	0	0	0	0	0	0	0	0	0	0	0	0	0	0	0	0	0	0
6862	0	0	0	0	2	0	0	0	0	0	2	0	0	2	0	2	0	0	0	0	0	0	0	0	2	0	0	0	0	0	0	0	0	0	0	0	0	0	0	0	0	2	0	2	0	0
6860	0	0	2	2	2	0	0	0	0	0	2	0	2	2	0	0	2	0	0	0	0	0	0	0	0	0	0	0	0	0	0	0	0	0	0	0	0	0	0	2	0	0	0	0	0	0
6857	0	0	0	2	2	0	0	2	0	0	2	0	0	2	0	0	2	0	0	0	0	0	2	0	0	0	0	0	0	0	0	0	0	0	0	0	0	0	0	0	0	0	0	0	0	0
6856	0	0	0	2	2	2	2	2	0	0	2	0	2	2	0	0	2	0	0	0	2	0	2	0	0	0	0	0	0	0	0	0	0	0	0	0	0	0	2	0	0	0	0	0	0	0
7436	0	0	0	2	2	0	0	2	0	0	2	0	2	2	0	2	2	0	0	0	0	0	2	2	2	2	2	2	0	0	2	0	0	2	0	0	0	0	2	2	0	2	0	2	0	2
7435	0	0	0	0	0	0	2	2	0	0	0	0	2	2	0	2	0	0	0	0	0	0	2	0	0	0	0	2	0	0	0	0	0	0	0	0	0	0	0	0	0	0	0	0	0	0
7428	0	0	0	2	2	0	0	2	0	0	2	0	2	2	0	2	2	0	0	0	2	0	2	0	0	0	0	0	0	0	2	0	0	0	0	0	0	0	2	0	0	2	0	2	0	0
7387	0	0	0	0	2	2	2	0	0	0	2	0	0	2	0	0	0	0	0	0	0	0	2	0	0	0	0	0	0	0	0	0	0	0	0	0	0	0	0	0	0	2	0	2	0	0
7373	0	0	2	2	0	0	2	2	0	0	2	0	2	2	0	2	2	0	0	0	0	0	2	0	0	2	0	0	0	0	0	0	0	0	0	0	0	0	2	0	0	0	0	0	0	0
11328	0	0	0	2	0	0	2	2	0	0	2	0	2	2	0	0	2	0	0	0	2	0	2	2	2	0	0	2	0	0	2	0	0	0	0	0	0	0	0	0	0	0	0	2	0	0
11326	0	0	0	2	2	2	2	2	0	0	2	0	2	2	0	0	2	0	0	0	2	0	2	2	2	2	2	2	0	0	2	0	0	0	0	0	0	0	0	0	0	0	0	2	0	0
11324	0	0	0	2	0	2	2	2	0	0	0	0	0	2	0	0	0	0	0	0	2	0	2	2	0	0	0	2	0	0	2	0	0	0	0	0	0	0	0	0	0	0	0	0	0	0
11423	0	0	2	2	2	0	0	2	0	0	2	0	0	2	0	2	2	0	2	0	0	0	2	0	0	0	0	0	0	0	0	0	0	0	2	0	0	0	2	0	0	0	0	2	0	0
11407	0	2	0	2	0	0	2	0	0	0	2	0	2	2	0	2	2	2	0	0	0	0	2	0	0	0	0	0	0	0	0	0	2	0	0	0	0	0	2	0	0	0	0	2	0	0
11489	2	2	0	2	2	0	0	0	0	0	2	0	0	2	0	2	2	2	0	0	2	0	2	0	0	0	0	0	0	0	0	0	0	0	0	0	0	0	0	0	0	0	0	2	0	0
11472	0	2	2	2	2	2	2	2	2	2	2	0	2	2	0	2	2	2	0	0	2	0	2	2	2	2	2	2	0	2	2	0	0	2	2	2	2	0	0	2	0	2	0	2	0	0
11469	0	2	2	2	2	2	2	2	2	0	2	0	2	2	0	2	2	2	0	0	2	0	2	2	0	2	2	2	0	2	0	0	0	2	2	2	2	0	2	2	0	2	0	2	0	0
11467	0	0	2	2	2	0	2	2	0	0	2	0	0	2	0	2	2	2	0	0	2	0	2	2	0	2	0	2	0	0	0	0	0	0	0	0	2	0	2	2	0	2	0	2	0	0
11716	0	0	0	0	0	0	0	0	0	0	0	0	0	0	0	0	0	0	0	0	0	0	0	0	0	0	0	0	0	0	0	0	0	0	0	0	0	0	0	0	0	0	0	0	0	2
14042	0	0	2	2	2	0	2	2	0	0	2	0	2	2	2	2	2	2	0	0	2	0	2	2	0	2	0	2	0	0	0	0	0	0	0	0	0	0	0	0	0	2	0	2	0	0
14703	0	0	2	2	0	0	2	2	0	0	2	0	2	2	0	0	2	2	0	0	0	0	2	2	0	0	0	0	0	0	0	0	0	0	0	0	0	0	2	0	0	0	0	2	0	0
14686	0	0	0	2	0	2	2	2	0	0	2	0	2	2	0	2	2	2	0	0	0	0	2	2	2	0	0	0	0	0	0	0	0	0	0	0	0	0	2	0	0	0	0	2	0	0
23074	0	0	2	2	2	2	0	2	0	0	2	0	2	2	0	0	2	0	0	2	0	0	2	2	0	0	0	0	0	0	0	0	0	0	0	0	0	0	2	0	0	2	0	2	0	0
24150	0	0	0	0	0	0	0	2	0	0	2	0	0	2	0	0	2	0	0	0	0	0	2	0	0	0	0	0	0	0	0	0	0	0	0	0	0	0	0	0	0	0	0	2	0	0
24149	0	0	0	2	2	0	0	2	0	0	2	0	0	2	0	0	2	2	0	0	2	0	2	0	0	0	0	2	0	0	0	0	0	0	0	0	0	0	0	2	0	2	0	2	0	0
24144	0	0	0	2	0	0	0	0	0	0	2	0	2	2	0	0	2	2	0	0	0	0	0	0	0	0	0	0	0	0	0	0	0	0	0	0	0	0	2	0	0	0	0	0	0	0
24143	0	0	0	2	0	0	0	0	0	0	2	0	2	2	0	0	0	2	0	0	0	0	0	0	0	0	0	0	0	0	0	0	0	0	0	0	0	0	2	0	0	0	0	0	0	0
24139	0	0	2	2	2	0	2	2	0	0	2	0	2	2	0	2	2	0	2	0	0	0	2	2	0	0	0	0	0	0	0	2	0	2	0	0	0	0	2	0	0	2	0	2	0	0
24138	0	0	0	2	0	0	0	0	0	2	0	0	2	2	0	0	0	0	0	0	2	0	0	0	2	0	0	2	0	0	0	0	0	0	0	0	0	0	2	0	0	0	0	0	0	0
24137	0	0	2	2	2	0	0	2	0	0	2	0	2	2	0	0	2	0	0	0	0	0	0	2	0	0	0	0	0	0	0	0	0	0	0	0	0	0	2	2	0	0	0	0	0	0
24136	0	0	2	2	2	2	2	2	0	0	2	0	2	2	0	0	2	0	0	2	0	0	2	2	0	0	0	0	0	0	0	0	0	0	2	0	0	0	2	0	0	0	0	2	0	0
24133	0	0	0	2	0	0	0	0	0	0	0	0	0	2	0	0	0	2	0	0	0	0	2	0	0	0	0	0	0	0	0	0	0	0	0	0	0	0	0	0	0	0	0	0	0	0
24130	0	0	0	2	2	2	2	2	0	0	2	0	2	2	0	0	2	0	0	0	0	0	2	2	0	0	0	0	0	0	0	0	0	0	0	0	0	0	2	0	0	0	0	2	0	0
24128	0	0	0	2	0	0	0	0	0	2	2	0	0	2	0	0	0	0	0	0	2	0	2	0	0	0	0	0	0	0	0	0	0	0	0	0	0	0	0	0	0	0	0	0	0	0
24127	0	0	2	0	0	0	0	2	0	0	2	0	2	2	0	0	2	2	0	2	0	0	2	2	0	0	0	2	0	0	0	0	0	0	0	0	0	0	2	0	0	0	0	2	0	0
24286	0	2	2	2	2	2	2	2	0	0	2	0	2	2	2	2	0	2	0	0	2	0	2	2	0	0	0	2	0	2	0	0	0	0	2	0	2	2	2	2	0	2	0	2	0	0
24368	0	2	0	0	2	0	0	0	0	0	2	0	2	2	0	2	2	0	0	0	2	0	0	0	0	0	0	2	0	0	0	0	0	0	0	0	0	0	0	0	0	0	0	2	0	0
24670	0	0	0	2	0	0	0	2	0	0	2	2	2	2	0	0	2	0	0	0	0	0	2	0	0	0	0	2	0	0	0	0	0	0	0	0	0	0	0	0	0	0	0	2	0	0
24600	0	0	0	2	0	0	2	2	0	0	2	0	0	2	0	2	2	2	0	0	0	0	2	2	0	0	0	0	0	0	0	0	0	0	0	0	0	0	2	0	0	0	0	0	0	0
130383	0	0	0	2	0	0	0	0	0	0	0	0	0	2	0	0	0	2	0	0	2	0	0	0	0	0	0	2	0	0	0	0	0	0	0	0	0	0	2	0	0	0	0	0	0	0
130382	0	0	0	2	2	0	0	2	0	0	2	0	2	2	0	0	2	2	0	0	0	0	2	0	0	0	0	0	0	0	0	0	0	0	0	0	0	0	0	2	0	0	0	0	0	0
130379	0	0	0	0	2	0	2	0	0	0	2	0	0	2	0	0	2	0	0	0	0	0	2	0	0	0	0	0	0	0	0	2	0	0	0	0	0	0	2	0	0	0	0	0	0	0
130377	0	0	2	0	0	0	2	2	0	0	2	0	2	2	0	0	2	0	0	2	0	0	2	0	0	0	0	0	0	0	0	0	0	0	0	0	0	0	2	0	0	2	0	2	0	0
130373	0	0	0	0	0	0	2	0	0	0	2	0	0	0	0	0	0	0	0	0	0	0	2	0	0	0	0	2	0	0	0	0	0	0	0	0	0	0	0	0	0	0	0	0	0	0
130370	0	0	0	0	0	0	0	0	0	0	2	0	0	2	0	0	0	0	0	0	0	0	2	0	0	0	0	0	0	0	0	0	0	0	0	0	0	0	0	0	0	0	0	0	0	0
130369	0	0	0	0	0	0	0	0	0	0	2	0	0	2	0	0	0	0	0	0	0	0	0	0	0	0	0	0	0	0	0	0	0	0	0	0	0	0	0	0	0	0	0	0	0	0
130364	0	0	2	2	2	0	2	2	0	0	2	0	2	2	0	0	2	0	0	0	0	0	2	2	0	0	0	0	0	0	0	0	0	0	0	0	0	0	2	2	0	0	0	2	0	0
130363	0	0	2	2	2	2	2	2	0	0	2	0	2	2	0	2	2	2	0	0	0	0	2	2	0	0	0	2	0	0	0	0	0	0	0	0	0	0	2	2	0	0	0	2	0	0
130964	0	0	2	2	2	2	2	2	0	0	2	0	2	2	0	2	2	2	2	0	0	0	2	2	0	0	0	0	0	0	0	2	0	2	0	0	0	0	2	0	0	2	0	2	0	0
131396	0	0	0	0	2	2	0	2	0	0	2	0	2	2	0	0	0	0	0	0	0	0	2	0	0	0	0	0	0	0	0	0	0	0	2	0	0	0	2	0	0	2	0	2	0	0
131387	0	0	2	2	2	0	0	0	0	0	2	0	2	2	0	0	2	2	0	0	2	0	2	0	0	0	0	2	0	0	0	0	0	0	2	0	0	0	0	2	0	0	0	0	0	0
131379	0	0	0	0	2	0	0	0	0	0	2	0	2	2	0	0	2	0	0	0	0	0	2	0	0	0	0	2	0	0	0	0	0	0	2	0	0	0	2	0	0	2	0	2	0	0
131378	0	0	0	0	0	0	0	0	0	0	0	0	0	0	0	0	0	0	0	0	0	0	0	0	0	0	0	0	0	0	0	0	0	0	0	0	0	0	0	0	0	0	0	0	0	0
131377	0	0	0	0	2	0	0	0	0	0	2	0	0	2	0	0	0	2	0	0	0	0	0	0	0	0	0	0	0	0	0	0	0	0	0	0	0	0	0	0	0	0	0	2	0	0
131552	0	0	2	2	0	2	2	2	0	0	2	0	2	2	0	2	2	2	0	0	0	0	2	2	0	0	0	0	0	0	0	0	0	0	0	0	0	0	2	0	0	0	0	2	0	0
131977	0	2	2	2	2	0	0	2	0	0	0	0	2	2	0	0	2	0	0	0	2	0	2	2	0	0	0	2	0	0	0	0	0	0	2	0	0	0	2	2	0	0	0	2	0	0
132189	0	0	0	2	0	0	0	2	0	0	2	0	2	0	0	2	2	0	0	0	0	0	0	0	0	0	0	0	0	0	0	0	0	0	0	0	0	0	0	0	0	2	0	2	0	0
132356	0	0	0	0	0	0	0	0	0	0	0	0	0	0	0	0	0	2	0	0	0	0	0	0	0	0	0	0	0	0	0	0	0	0	0	0	0	0	0	0	0	0	0	0	0	0
132347	0	0	2	2	2	0	0	0	0	0	2	0	2	2	0	0	2	0	0	0	2	0	2	0	0	0	0	2	0	0	0	0	0	0	2	2	2	0	0	2	0	2	0	0	0	0
132344	0	0	2	2	2	2	2	2	0	0	2	0	2	2	0	0	2	0	0	0	2	0	2	2	2	0	0	2	0	0	2	2	0	0	2	0	0	0	0	2	0	2	0	0	0	0
132546	0	0	2	0	0	0	0	0	0	0	2	0	2	2	0	0	2	0	0	0	0	0	2	2	0	2	0	0	0	0	0	0	0	0	0	0	2	0	0	0	0	0	0	0	0	0
132545	0	0	0	0	2	0	0	0	0	0	2	0	0	2	0	0	0	0	0	0	0	0	2	2	0	0	0	2	0	0	0	0	0	0	0	0	0	0	0	2	0	0	0	0	0	0
132765	0	0	0	0	0	0	0	0	0	2	2	0	0	2	0	0	2	0	0	0	0	2	2	0	0	0	0	0	0	0	2	0	0	0	0	0	2	0	0	0	2	2	0	0	0	0
132902	2	2	0	0	0	0	2	2	2	2	2	2	2	2	0	2	2	2	0	0	2	2	2	2	0	0	0	2	0	2	2	0	0	0	0	0	0	2	2	0	0	0	0	2	0	0
135689	0	0	2	2	2	0	0	2	0	0	2	0	2	2	0	2	2	0	2	2	0	0	0	0	0	0	0	0	0	0	0	0	0	0	0	0	0	0	0	0	0	0	0	2	0	0
135840	0	2	0	2	0	0	2	2	0	0	0	0	0	2	0	0	2	2	0	0	0	0	2	0	0	0	0	0	0	0	0	0	0	0	0	0	0	0	2	0	0	0	0	2	0	0
137757	0	0	0	2	2	2	0	2	0	0	2	0	2	2	0	0	2	0	0	0	0	0	2	2	0	0	2	0	0	0	0	0	0	0	0	0	0	0	2	0	0	0	0	0	0	0
138277	0	0	0	0	0	0	0	0	0	0	0	0	0	0	0	0	0	0	0	0	0	0	2	0	0	0	0	0	0	0	0	0	0	0	0	0	0	0	0	0	0	0	0	0	0	0
138269	0	0	0	0	2	0	0	0	0	0	2	0	0	2	0	2	0	0	2	0	0	0	0	0	0	0	0	0	0	0	0	0	0	0	0	0	0	0	2	0	0	0	0	0	0	0
138662	0	0	0	2	0	0	0	0	0	0	2	0	0	2	0	0	2	0	0	0	0	0	0	0	0	0	0	0	0	0	0	0	0	0	0	0	0	0	0	0	0	0	0	0	0	0
139551	0	0	0	0	0	0	0	0	0	0	0	0	0	2	0	0	0	0	0	0	0	0	0	0	0	0	0	0	0	0	0	0	0	0	0	0	0	0	0	0	0	0	0	0	0	0
139745	0	0	2	2	2	2	2	2	0	0	2	0	2	2	0	0	2	0	0	0	0	0	2	2	0	0	2	0	0	0	0	0	0	0	2	0	0	0	2	2	0	2	0	2	0	0
139744	0	0	0	2	2	2	0	0	0	0	2	0	2	2	0	0	2	0	0	0	0	0	2	2	0	0	0	2	0	0	0	0	0	0	0	2	0	0	2	0	0	0	0	2	0	0
139742	0	0	2	2	2	2	2	2	0	0	2	0	2	2	0	2	2	2	2	0	0	0	2	2	0	0	0	2	0	0	0	0	0	2	2	0	0	0	2	2	0	0	0	2	0	0
139741	0	0	2	2	2	2	2	2	0	0	2	0	2	2	0	2	2	2	2	0	0	0	2	2	2	0	2	2	0	0	0	0	0	2	0	0	0	0	2	2	0	2	0	2	0	0
139740	0	0	2	2	2	2	2	2	0	0	2	0	2	2	0	2	2	2	2	0	0	0	2	2	0	0	2	2	0	0	0	0	0	2	0	0	0	0	2	2	0	2	0	2	0	0
139805	0	0	0	2	2	0	0	2	0	0	2	0	2	2	0	2	2	2	0	0	2	0	2	2	0	2	0	2	0	0	0	0	0	0	0	0	2	0	0	0	0	2	0	2	2	0
139767	0	0	0	0	0	2	2	2	0	0	2	0	2	2	0	0	2	2	0	2	2	0	2	2	0	0	0	0	0	0	0	0	0	0	0	0	0	0	2	0	0	0	0	2	0	0
140024	0	0	0	2	2	2	2	2	0	0	2	0	2	2	0	2	2	2	0	0	0	0	2	2	0	0	0	2	0	0	0	0	0	0	0	0	0	0	2	0	0	0	0	2	0	0
140356	0	0	2	2	2	0	0	0	0	0	0	0	2	2	0	0	0	2	0	0	0	0	0	0	0	0	0	2	0	0	0	0	0	0	0	0	0	0	0	2	0	0	0	0	0	0
141248	0	0	0	0	2	0	2	2	0	0	2	0	0	2	0	2	2	2	0	2	0	0	2	0	0	0	0	2	0	0	0	0	0	0	0	0	0	0	0	0	0	0	0	2	0	0
142103	0	0	2	2	0	0	0	0	0	0	2	0	0	2	0	0	0	0	0	0	0	0	2	0	0	0	0	0	0	0	0	0	0	0	0	0	0	0	0	0	0	0	0	0	0	0
142101	0	0	0	2	2	0	2	2	0	0	2	0	0	2	0	2	2	2	2	0	2	0	2	2	0	2	2	2	0	0	0	0	0	0	0	0	0	0	0	0	0	2	0	2	0	0
143606	0	0	0	2	2	2	2	2	0	0	2	0	0	2	0	2	2	2	2	0	2	0	2	2	0	0	2	2	0	0	0	0	0	0	2	0	0	0	2	0	0	0	0	2	0	0
143564	0	0	2	2	2	2	2	2	0	0	0	0	0	0	0	2	0	0	0	0	0	0	2	2	0	2	0	0	0	0	2	0	0	2	0	0	2	0	0	2	0	2	0	2	0	0
143706	0	2	2	2	2	2	2	2	0	0	0	0	2	2	0	0	2	2	0	0	2	0	2	2	0	2	0	2	0	0	0	0	0	2	2	0	2	0	0	2	0	2	0	2	0	0
143697	0	2	2	2	0	2	2	2	0	0	2	0	2	2	0	2	2	2	0	0	0	0	2	2	2	2	2	2	0	0	0	0	0	0	2	0	2	0	2	2	0	2	0	2	0	0
143631	0	2	0	2	2	2	2	2	0	0	2	0	2	2	0	2	2	2	0	2	2	0	2	0	2	2	0	2	0	0	0	0	0	0	2	0	0	0	2	0	0	2	0	2	0	0
143869	0	0	0	0	0	0	0	0	0	0	2	0	0	0	0	0	0	2	0	0	0	0	0	0	0	0	0	0	0	0	0	0	0	0	0	0	0	0	0	0	0	0	0	0	0	0
143933	0	0	2	2	0	0	2	2	0	0	2	0	2	2	0	0	2	2	0	0	0	0	2	2	0	0	0	0	0	0	0	0	0	0	0	0	0	0	2	0	0	0	0	2	0	0
144043	0	0	0	2	2	0	0	0	0	0	2	0	0	2	0	0	2	2	0	0	0	0	2	0	0	2	0	0	0	0	0	0	0	0	0	0	0	0	2	0	0	0	0	2	0	0
144344	0	0	2	2	2	0	2	2	0	0	2	0	2	2	0	0	2	0	0	0	0	0	2	0	0	0	0	0	0	0	0	0	0	0	0	0	0	0	0	0	0	0	0	2	0	0
144493	0	0	0	2	2	2	2	2	0	0	2	0	2	2	0	2	2	0	2	0	0	0	2	2	0	0	2	0	0	0	0	0	0	0	0	0	0	0	2	2	0	0	0	2	0	0
144640	0	2	0	2	2	2	2	2	0	0	2	0	2	2	0	2	2	2	2	2	2	0	2	2	2	2	2	2	0	0	0	0	0	0	2	0	0	2	2	0	0	2	0	2	0	0
145074	0	0	0	2	2	0	2	2	0	0	2	0	0	2	0	0	2	0	0	0	0	0	2	2	0	0	0	0	0	0	0	0	0	0	0	0	0	0	2	0	0	0	0	2	0	0
145070	0	0	0	2	2	2	0	2	0	0	2	0	0	2	0	0	0	0	0	0	0	0	2	2	0	0	0	0	0	0	0	0	0	0	0	0	0	0	2	0	0	0	0	2	0	0
145068	0	0	2	2	2	2	2	2	0	0	2	0	0	2	0	2	2	2	2	2	0	0	2	2	2	0	0	2	0	0	0	0	0	0	2	0	0	0	2	0	0	2	0	2	0	0
145039	0	0	0	2	2	0	0	2	0	0	2	0	2	2	0	0	2	2	0	0	0	0	2	0	0	0	0	0	0	0	0	0	0	0	0	0	0	0	2	0	0	0	0	2	0	0
145015	0	2	0	2	2	0	0	0	0	0	2	0	2	2	0	2	2	2	0	0	2	0	2	0	0	2	0	0	0	0	0	0	0	0	2	0	0	2	0	0	0	2	0	2	0	0
145012	0	0	2	2	2	2	2	2	0	0	2	0	2	2	2	2	2	2	0	2	0	0	2	2	2	0	0	0	0	2	2	2	0	2	2	0	0	0	2	0	0	2	0	2	0	0
145305	0	0	2	2	2	2	2	2	0	0	2	0	2	2	0	2	2	0	2	0	0	0	2	2	0	0	2	0	0	0	0	0	0	0	0	0	0	0	2	2	0	0	0	2	0	0
145304	0	2	0	2	2	2	2	2	0	0	2	0	0	2	0	2	2	2	2	0	2	0	2	2	0	2	0	2	0	0	0	2	0	0	2	0	0	0	2	0	0	2	0	2	0	0
145302	0	0	0	0	2	0	0	2	0	0	2	0	0	2	0	0	0	0	0	0	0	0	2	0	0	0	0	0	0	0	0	0	0	0	0	0	0	0	2	0	0	0	0	0	0	0
145378	0	0	0	2	2	2	2	2	0	0	2	0	2	2	0	2	2	2	0	2	0	0	2	2	2	2	0	2	0	0	0	0	0	0	2	0	0	0	2	0	0	2	0	2	0	0
145355	0	0	0	0	2	0	2	2	0	0	2	0	0	2	0	2	2	2	0	2	0	0	2	0	0	0	0	0	0	0	0	0	0	0	0	0	0	0	0	0	0	0	0	2	0	0
145354	0	0	0	2	2	2	2	2	0	0	2	0	2	2	0	2	2	2	2	2	2	0	2	2	2	2	2	2	0	0	0	0	0	0	2	0	0	2	2	0	0	2	0	2	0	0
145351	0	0	2	2	0	2	2	2	0	0	2	0	2	2	0	2	2	2	2	2	0	0	2	2	2	0	0	0	0	0	2	2	0	2	2	0	0	0	2	0	0	2	0	2	0	0
145474	0	2	2	2	2	2	2	2	0	0	2	0	2	2	0	2	2	2	0	0	2	0	2	2	2	2	0	2	0	0	0	0	0	0	0	0	0	0	2	2	0	2	0	2	0	0
145455	0	0	2	2	2	0	2	2	0	0	2	0	2	2	0	2	2	0	0	0	0	0	2	2	0	0	0	0	0	0	0	0	0	0	0	0	0	0	2	0	0	0	0	2	0	0
145605	0	0	0	0	0	0	0	0	0	0	0	0	0	0	0	0	0	2	0	0	0	0	0	0	0	0	0	0	0	0	0	0	0	0	0	0	0	0	0	0	0	0	0	0	0	0
145589	0	0	2	0	0	2	2	2	0	0	2	0	2	2	0	2	2	2	0	2	0	0	2	2	0	0	0	0	0	0	2	2	0	2	2	0	0	0	2	0	0	2	0	2	0	0
145545	0	0	0	0	0	0	0	0	0	0	0	0	0	0	0	0	0	2	0	0	0	0	0	0	0	0	0	0	0	0	0	0	0	0	0	0	0	0	0	0	0	0	0	0	0	0
145697	0	0	2	0	0	2	2	2	2	0	2	0	2	2	0	2	2	2	2	2	0	0	2	2	0	0	0	0	0	2	2	2	0	2	0	0	0	0	2	0	0	0	0	2	0	0
145652	0	2	0	2	2	0	2	2	0	0	2	0	0	2	0	0	0	2	0	0	0	0	2	0	2	2	0	0	0	0	0	0	0	0	0	0	0	0	2	0	0	0	0	2	0	0
145606	0	0	0	0	0	0	0	0	0	0	0	0	0	0	0	0	0	2	0	0	0	0	0	0	0	0	0	0	0	0	0	0	0	0	0	0	0	0	0	0	0	0	0	0	0	0
145760	0	0	0	2	2	2	2	2	0	0	2	0	2	2	0	2	2	2	2	2	0	0	2	2	2	0	2	0	0	0	0	2	0	2	0	0	0	0	2	0	0	2	0	2	0	0
145750	0	0	2	2	2	2	2	2	0	0	2	0	2	2	0	0	2	0	0	2	0	0	2	2	0	0	0	0	0	0	0	0	0	0	0	0	0	0	2	2	0	0	0	2	0	0
145749	0	0	2	2	2	2	2	2	0	0	2	0	2	2	0	0	2	0	0	2	0	0	2	2	0	0	0	0	0	0	0	0	0	0	2	0	0	0	2	0	0	2	0	2	0	0
145743	0	0	0	0	2	0	0	0	0	0	2	0	0	0	0	0	0	0	0	0	0	0	2	0	0	0	0	0	0	0	0	0	0	0	0	0	0	0	2	2	0	0	0	0	0	0
145741	0	0	2	0	2	0	2	0	0	0	2	0	0	2	0	0	2	0	0	0	0	0	2	0	0	0	0	0	0	0	0	0	0	0	0	0	0	0	2	0	0	0	0	2	0	0
145740	0	0	2	2	2	0	0	0	0	0	2	0	0	2	0	2	2	2	0	0	0	0	2	0	0	0	2	2	0	0	0	0	0	2	0	0	0	0	2	2	0	2	0	0	0	0
145739	0	2	0	2	2	0	2	2	0	0	2	0	0	2	0	0	0	2	0	0	0	0	2	0	2	0	0	0	0	0	0	0	0	0	0	0	0	0	2	0	0	0	0	2	0	0
145738	0	0	0	0	0	0	0	0	0	0	0	0	0	0	0	0	0	0	0	0	0	0	0	0	0	0	0	0	0	0	0	0	0	0	0	0	0	0	0	0	0	0	0	2	0	0
145736	0	2	0	2	0	0	2	0	0	0	2	0	0	2	0	2	2	2	0	0	0	0	2	0	0	0	0	0	0	0	0	0	0	0	0	0	0	0	2	0	0	0	0	0	0	0
145735	0	2	0	2	0	0	2	0	0	0	2	0	0	2	0	0	2	2	0	0	0	0	2	0	0	0	0	0	0	0	0	0	0	0	0	0	0	0	2	0	0	0	0	2	0	0
145733	0	0	0	2	2	0	0	0	0	0	2	0	0	2	0	0	0	2	0	0	0	0	2	0	0	2	0	0	0	0	0	0	0	0	0	0	0	0	2	0	0	0	0	2	0	0
145840	0	0	0	0	0	0	0	0	0	0	2	0	0	0	0	2	0	0	0	0	0	0	2	0	0	0	0	0	0	0	0	0	0	0	0	0	0	0	0	0	0	0	0	0	0	0
145824	0	0	2	0	0	2	2	2	0	0	2	0	2	2	0	2	2	2	0	2	0	0	2	2	0	0	0	0	0	0	2	2	0	2	2	0	0	0	2	0	0	2	0	2	0	0
145819	0	0	0	0	2	0	0	2	0	0	2	0	0	2	0	0	0	0	0	0	0	0	2	0	0	0	0	0	0	0	0	0	0	0	0	0	0	0	0	0	0	0	0	0	0	0
145977	0	0	2	0	0	0	2	2	0	0	2	0	2	2	0	2	2	2	0	2	0	0	2	0	0	0	0	0	0	0	2	2	0	2	2	0	0	0	2	0	0	2	0	2	0	0
145969	0	0	2	0	0	2	2	2	2	0	2	0	2	2	0	2	2	2	0	2	0	0	2	2	2	0	0	0	0	2	0	2	0	2	2	0	0	0	2	0	0	2	0	2	0	0
145963	0	0	0	0	0	0	0	0	0	0	0	0	0	0	0	2	0	2	0	0	0	0	0	0	0	0	0	0	0	0	0	0	0	0	0	0	0	0	0	0	0	0	0	0	0	0
146056	0	0	2	2	2	2	2	2	0	0	2	0	2	2	0	2	2	2	2	0	0	0	2	2	0	0	0	2	0	0	0	0	0	2	0	2	0	0	2	2	0	0	0	2	0	0
146007	0	0	0	0	2	2	2	2	0	0	2	0	0	2	0	2	2	2	0	2	0	0	2	2	0	0	0	0	0	0	0	0	0	0	0	0	0	0	0	0	0	0	0	2	0	0
146199	0	2	2	2	2	0	0	0	0	0	2	0	2	2	0	0	2	0	0	0	0	0	0	0	0	0	0	0	0	0	0	0	0	0	0	0	0	0	0	0	0	0	0	0	0	0
146185	0	0	2	2	2	0	2	2	0	0	2	0	2	2	2	2	2	2	0	2	0	0	2	2	2	0	0	0	0	0	2	2	0	2	2	0	0	0	2	0	0	2	0	2	0	0
146181	0	0	0	2	0	0	2	0	0	0	2	0	0	2	0	0	2	2	0	0	0	0	2	0	0	2	0	0	0	0	0	0	0	0	0	0	0	0	2	0	0	0	0	2	0	0
146154	0	0	2	2	2	2	2	2	0	0	2	0	2	2	0	2	2	2	2	2	0	0	2	2	0	0	0	0	0	0	0	0	0	2	0	0	0	0	2	0	0	2	0	2	0	0
146153	0	0	2	2	2	0	0	0	0	0	2	0	2	2	0	0	2	2	0	0	0	0	0	0	0	0	0	0	0	0	0	0	0	0	0	0	0	0	0	2	0	0	0	2	0	0
146144	0	0	2	2	2	2	2	2	0	0	2	0	2	2	0	2	2	0	0	0	0	0	2	2	0	0	0	0	0	0	0	0	0	0	0	0	0	0	2	2	0	0	0	2	0	0
146277	0	0	2	2	2	2	2	2	0	0	2	0	2	2	0	2	2	2	2	2	0	0	2	2	0	0	0	0	0	0	2	2	0	2	2	0	0	2	2	0	0	2	0	2	0	0
146276	0	2	0	2	0	2	2	2	0	0	2	0	0	2	0	0	0	2	0	0	0	0	2	2	2	2	0	0	0	0	0	0	0	0	0	0	0	0	2	0	0	0	0	2	0	0
146273	0	0	2	2	2	2	2	2	0	0	2	0	2	2	0	2	2	2	0	2	0	0	2	2	0	0	0	2	0	0	0	0	0	0	0	0	0	0	2	2	0	0	0	2	0	0
146270	0	0	0	2	2	2	0	2	0	0	2	0	2	2	0	0	2	2	0	0	2	0	2	0	0	0	0	0	0	0	0	0	0	0	0	0	0	0	0	0	0	0	0	0	0	0
146237	0	0	0	0	2	2	2	2	0	0	2	0	0	2	0	2	2	2	0	2	2	0	2	2	0	0	0	2	0	0	0	0	0	0	0	0	0	0	0	0	0	2	0	2	0	0
146222	0	0	0	2	0	2	2	2	0	0	2	0	0	2	0	0	0	2	0	0	0	0	2	0	0	2	0	0	0	0	0	0	0	0	0	0	0	0	2	0	0	0	0	2	0	0
146221	0	0	2	2	2	2	2	2	0	0	2	0	0	2	0	0	2	0	0	0	0	0	2	2	0	0	0	0	0	0	0	0	0	0	0	0	0	0	0	0	0	2	0	2	0	0
146213	0	0	2	2	2	2	2	2	0	0	2	0	2	2	0	2	2	2	2	2	0	0	2	0	0	0	0	0	0	0	2	2	0	2	2	0	0	0	2	0	0	2	0	2	0	0
146208	0	0	0	2	2	0	0	0	0	0	2	0	0	2	0	0	0	2	0	0	0	0	0	0	0	2	0	0	0	0	0	0	0	0	0	0	0	0	2	0	0	0	0	2	0	0
146336	0	0	0	2	2	0	0	2	0	0	2	0	2	2	0	0	2	0	0	0	0	0	2	0	0	0	0	0	0	0	0	0	0	0	0	0	0	0	2	0	0	0	0	0	0	0
146321	0	0	2	2	2	0	0	2	0	0	2	0	2	2	0	0	2	2	0	0	2	0	2	2	0	0	0	2	0	0	0	0	0	0	2	0	0	0	0	2	0	0	0	2	0	2
146320	0	0	2	2	2	0	0	0	0	0	2	0	2	2	0	0	2	2	0	0	0	0	0	0	0	0	0	2	0	0	0	0	0	0	0	0	0	0	0	2	0	0	0	0	0	0
146480	0	0	2	2	2	0	2	2	0	0	2	0	2	2	2	2	2	2	2	2	0	0	2	2	0	0	0	0	0	0	2	2	0	2	2	0	0	0	2	0	0	2	0	2	0	0
146452	0	0	0	0	0	0	0	0	0	0	0	0	0	0	0	0	0	0	0	0	0	0	2	0	0	0	0	0	0	0	0	0	0	0	0	0	0	0	0	0	0	0	0	0	0	0
146445	0	0	2	2	2	0	0	2	0	0	2	0	0	2	0	0	2	0	0	0	0	0	0	0	0	0	0	0	0	0	0	0	0	0	0	0	0	0	2	2	0	0	0	0	0	0
146436	0	0	0	2	2	0	2	2	0	0	2	0	0	2	0	2	0	2	2	0	0	0	2	2	0	2	2	2	0	0	0	0	0	0	2	0	0	0	2	0	0	0	0	2	0	0
146591	0	2	0	2	2	2	2	2	0	0	2	0	2	2	0	2	2	2	2	2	0	0	2	2	2	0	0	0	0	0	0	0	0	2	0	0	0	0	2	0	0	0	0	2	0	0
146534	0	0	2	2	2	2	2	2	0	0	2	0	2	2	0	2	2	2	2	2	0	0	2	2	0	0	2	0	2	0	0	0	0	2	2	0	0	0	2	0	0	2	0	2	0	0
146513	0	2	0	2	2	2	2	2	0	0	2	0	2	2	0	2	2	2	2	2	2	0	2	2	2	2	0	2	0	0	0	0	0	0	2	0	0	0	2	0	0	2	0	2	0	0
146508	0	0	0	0	0	0	0	0	0	0	2	0	0	0	0	2	0	0	0	0	0	0	0	0	0	0	0	0	0	0	0	0	0	0	0	0	0	0	0	0	0	0	0	0	0	0
146688	2	2	2	2	2	2	2	2	0	2	2	0	2	2	0	2	2	2	2	0	2	0	2	2	0	2	2	2	0	0	2	0	0	2	2	0	2	2	0	2	0	2	0	2	0	0
146687	0	2	2	2	2	2	2	2	0	2	2	0	2	2	0	2	2	2	2	0	2	0	2	2	0	2	2	2	0	0	2	0	0	2	2	2	2	2	0	2	0	2	0	2	0	0
146686	0	2	2	2	2	2	2	2	2	2	2	0	2	2	0	2	2	2	2	0	2	0	2	2	2	2	2	2	0	0	2	0	0	2	2	2	2	2	2	2	0	2	0	2	0	0
146685	0	0	2	2	2	0	2	2	0	0	2	0	0	2	0	2	2	0	0	0	0	0	2	0	0	2	0	0	0	0	0	0	0	0	0	0	0	0	0	0	0	0	0	2	0	0
146673	0	0	0	2	2	0	2	2	0	0	2	0	0	2	0	0	0	2	0	0	0	0	2	0	0	2	0	0	0	0	0	0	0	0	0	0	0	0	2	0	0	0	0	2	0	0
146664	0	0	2	2	2	2	0	2	0	0	2	0	2	2	0	2	2	2	0	2	0	0	2	2	0	2	0	0	0	0	0	0	0	0	0	0	0	0	2	0	0	0	0	2	0	0
146623	0	0	2	2	2	2	2	2	0	0	2	0	2	2	0	0	2	2	0	0	2	0	2	2	0	2	0	2	0	0	0	0	0	2	2	0	0	0	2	2	0	2	0	2	0	0
146602	0	2	2	2	2	2	2	2	0	0	2	0	2	2	0	2	0	2	2	0	2	0	2	2	2	2	2	2	0	0	0	0	0	2	0	0	0	2	2	2	0	2	0	2	0	0
146601	0	0	0	2	2	2	2	2	0	0	2	0	0	2	0	2	2	2	2	0	0	0	2	2	0	2	2	2	0	0	0	0	0	0	2	0	0	0	0	0	0	0	0	2	0	0
146770	0	0	0	0	0	0	0	0	0	0	0	0	0	0	0	0	0	0	0	0	0	0	0	0	0	0	0	0	0	0	0	0	0	0	0	0	0	0	2	0	0	0	0	0	0	0
146736	0	0	0	2	0	0	0	0	0	0	0	0	0	2	0	0	0	0	0	0	0	0	0	0	0	0	0	0	0	0	0	0	0	0	0	0	0	0	2	0	0	0	0	0	0	0
146888	0	0	2	2	2	0	0	2	0	0	2	0	2	2	0	2	0	0	0	0	2	0	0	0	0	0	0	2	0	0	0	0	0	0	0	0	0	0	0	2	0	0	0	2	0	0
146881	0	2	0	2	2	2	2	2	0	0	2	0	0	2	0	2	2	2	0	2	0	0	2	0	0	2	0	2	0	0	0	0	0	0	2	0	0	0	2	0	0	0	0	2	0	0
146977	0	2	2	2	2	2	0	2	2	0	2	0	2	2	0	2	2	2	0	0	2	0	2	2	2	2	2	2	0	2	0	0	0	0	2	0	0	0	2	2	0	2	0	2	0	0
146968	0	2	0	2	2	2	2	2	0	0	2	0	0	2	0	0	2	2	0	2	0	0	2	2	0	0	0	0	0	0	0	0	0	0	0	0	0	0	2	0	0	0	0	2	0	0
146967	0	0	0	0	2	0	0	2	0	0	2	0	0	2	0	2	2	0	0	0	0	0	2	0	0	2	0	0	0	0	0	0	0	0	0	0	0	0	0	0	0	0	0	2	0	0
146950	0	0	0	2	0	0	2	2	0	0	2	0	0	2	0	0	0	2	0	0	0	0	2	0	2	0	0	0	0	0	0	0	0	0	0	0	0	0	2	0	0	0	0	2	0	0
146949	0	0	0	2	2	0	0	0	0	0	2	0	0	2	0	0	0	0	0	0	0	0	0	0	0	2	0	0	0	0	0	0	0	2	0	0	0	0	0	0	0	0	0	2	0	0
146940	0	0	2	2	2	2	2	2	0	0	2	0	2	2	0	2	2	2	0	0	2	0	2	2	0	2	0	2	0	0	0	0	0	0	0	0	0	0	0	2	0	2	0	2	0	0
146936	0	0	0	2	2	2	2	2	0	0	2	0	0	2	0	2	2	0	0	2	0	0	2	2	0	0	0	0	0	0	0	0	0	0	2	0	0	0	2	0	0	0	0	2	0	0
146935	0	0	0	2	0	2	2	2	0	0	2	0	0	2	0	2	2	0	0	0	0	0	2	2	0	0	0	0	0	0	2	0	0	0	0	0	0	0	2	0	0	0	0	2	0	0
146934	0	2	0	2	2	0	0	0	0	0	2	0	0	2	0	2	0	2	0	0	2	0	0	0	0	2	0	0	0	0	0	0	0	0	0	0	0	0	2	0	0	0	0	2	0	0
146924	0	2	0	2	0	2	2	2	0	0	2	0	0	2	0	0	0	2	0	0	2	0	2	0	2	0	0	0	0	0	0	0	0	0	0	0	0	0	2	0	0	0	0	2	0	0
146894	0	0	0	2	2	0	0	0	2	0	2	0	0	2	0	0	2	2	0	0	2	0	0	0	0	0	0	0	0	2	0	0	0	0	0	0	0	0	0	0	2	0	0	0	0	0
147060	0	0	0	2	2	2	0	2	0	0	0	0	0	2	0	0	2	2	0	0	0	0	2	2	0	2	0	0	0	0	0	0	0	0	0	0	0	0	2	0	0	2	0	2	0	0
147052	0	0	0	2	2	0	2	2	0	0	2	0	0	2	0	2	2	2	2	0	0	0	2	2	0	2	0	2	0	0	0	0	0	0	2	0	0	0	2	0	0	0	0	2	0	0
147051	0	2	0	2	2	2	2	2	0	0	2	0	0	2	0	2	2	2	2	0	0	0	2	2	2	2	0	2	0	0	0	0	0	0	2	0	0	0	2	0	0	0	0	2	0	0
147042	0	0	0	0	0	0	0	0	0	0	0	0	0	0	0	0	0	0	0	0	0	0	0	0	0	0	0	0	0	0	0	0	0	0	0	0	0	0	2	0	0	0	0	0	0	0
147025	0	0	0	0	2	0	2	2	0	0	2	0	0	2	0	2	2	2	0	2	0	0	2	2	0	0	0	2	0	0	0	0	0	0	0	0	0	0	0	0	0	0	0	2	0	0
147134	0	0	0	0	0	0	0	0	0	0	0	0	0	0	0	0	0	0	0	0	0	0	2	0	0	0	0	0	0	0	0	0	0	0	0	0	0	0	2	0	0	0	0	0	0	0
147107	0	0	2	2	2	0	0	0	0	0	2	0	2	2	0	0	2	0	0	0	0	0	0	0	0	0	0	0	0	0	0	0	0	0	0	0	0	0	2	0	0	0	0	0	0	0
147097	0	2	2	2	2	2	2	2	2	0	2	0	2	2	0	0	2	2	0	0	2	0	2	2	0	2	2	2	0	0	0	0	0	2	2	0	2	0	2	2	0	2	0	2	0	0
147252	0	2	2	2	2	2	2	2	0	0	2	0	0	2	0	2	2	2	2	0	2	0	2	2	0	2	2	2	0	0	0	0	0	0	2	0	0	0	2	0	0	2	0	2	0	0
147250	2	2	0	2	2	2	2	2	0	0	2	0	0	2	0	2	2	2	0	2	0	0	2	0	0	0	0	0	0	0	0	0	0	0	0	0	0	0	2	0	0	2	0	2	0	0
147238	0	0	2	2	2	2	2	2	0	0	2	0	2	2	0	2	2	2	0	0	2	0	2	2	2	2	0	2	0	0	2	0	0	0	0	0	2	0	2	2	0	2	0	2	0	0
147223	0	0	0	2	2	0	2	2	0	0	2	0	0	2	0	0	2	0	0	0	2	0	2	2	2	2	2	0	0	0	0	0	0	2	0	0	0	0	2	2	0	2	0	2	2	0
147221	0	0	0	2	2	0	2	2	0	0	2	0	0	2	0	0	2	0	0	0	2	0	2	2	2	0	2	0	0	0	0	0	0	2	0	0	0	0	2	2	0	2	0	2	2	0
147195	0	0	2	2	2	2	2	2	0	0	2	0	2	2	2	2	2	2	0	0	2	0	2	2	2	2	2	2	0	0	2	0	0	0	0	0	2	0	2	2	0	0	0	2	0	0
147190	0	0	2	0	0	2	0	2	0	0	2	0	0	0	0	0	2	0	0	0	2	0	2	0	0	2	2	0	0	0	0	2	0	0	0	0	0	0	0	0	0	0	2	2	0	0
147366	0	2	0	2	2	2	2	2	0	0	2	0	2	2	0	2	2	2	2	2	2	0	2	2	2	2	2	2	0	0	0	0	0	0	2	0	0	0	2	0	0	2	0	2	0	0
147340	0	0	0	2	2	0	2	0	0	0	2	0	0	2	0	0	2	0	0	0	0	0	2	2	0	0	0	0	0	0	0	0	0	0	0	0	0	0	2	0	0	0	0	2	0	0
147339	0	2	0	2	2	2	2	2	0	0	2	0	0	2	0	2	2	2	2	0	0	0	2	2	0	0	0	0	0	0	0	0	0	0	0	0	0	0	2	0	0	0	0	2	0	0
147317	0	0	0	2	2	2	0	2	0	0	2	0	0	2	0	0	0	0	0	0	0	0	2	2	0	2	0	0	0	0	0	0	0	0	0	0	0	0	0	0	0	0	0	2	0	0
147314	0	0	0	2	2	0	0	0	0	0	2	0	0	2	0	0	2	0	0	0	0	0	0	0	2	0	0	0	0	0	0	0	0	0	2	0	0	0	2	0	0	2	0	2	0	0
147313	0	2	2	2	2	0	2	2	0	0	2	0	2	2	0	2	0	2	0	0	0	0	2	2	2	2	0	2	0	0	2	0	0	0	0	0	0	2	2	2	0	2	0	2	0	0
147439	0	2	2	2	2	2	2	2	0	0	2	0	2	2	0	2	2	2	0	0	2	0	2	2	0	2	2	2	0	0	0	0	0	0	2	2	2	0	0	2	0	2	0	2	0	0
147405	0	2	2	2	2	2	2	2	0	0	2	0	2	2	0	2	2	2	0	0	2	0	2	2	0	0	0	2	0	0	0	0	0	2	0	0	2	0	0	2	0	2	0	2	0	0
147388	0	0	2	2	2	0	0	2	0	0	0	0	2	0	0	2	0	0	0	0	0	0	2	2	0	2	0	0	0	0	0	0	0	2	0	0	2	0	0	2	0	0	0	0	0	0
147568	0	0	0	2	2	2	2	2	0	0	2	0	0	2	0	2	0	2	0	0	0	0	2	0	0	2	0	2	0	0	0	0	0	0	0	0	0	0	0	0	0	0	0	2	0	0
147551	0	0	2	2	2	0	0	2	0	0	2	0	0	2	0	0	2	0	0	0	0	0	2	0	0	0	0	0	0	0	0	0	0	0	0	0	0	0	2	2	0	0	0	2	0	0
147533	0	0	0	2	2	2	2	2	0	0	2	0	0	2	0	2	2	0	2	0	0	0	2	0	0	2	0	2	0	0	0	0	0	0	0	0	0	0	0	0	0	0	0	2	0	0
147532	0	0	0	2	2	0	0	2	0	0	2	0	0	2	0	2	2	0	2	0	0	0	2	0	0	2	0	0	0	0	0	0	0	0	0	0	0	0	0	0	0	0	0	0	0	0
147520	0	0	2	2	2	0	0	0	0	0	2	0	2	2	0	0	2	0	0	0	0	0	2	0	0	0	0	0	0	0	0	0	0	0	0	0	0	0	2	2	0	0	0	0	0	0
147742	0	0	0	2	2	0	2	2	0	0	2	0	0	2	0	2	2	0	2	0	0	0	2	0	0	2	0	2	0	0	0	0	0	0	0	0	0	0	0	0	0	0	0	2	0	0
147847	0	2	2	0	2	2	2	2	0	0	2	0	2	2	0	2	2	2	0	0	2	0	2	2	2	2	2	2	0	0	0	0	0	0	0	0	0	0	2	2	0	0	0	2	0	0
147842	0	0	2	2	2	0	0	0	0	0	2	0	2	2	0	2	0	2	0	0	2	0	2	0	0	2	0	2	0	0	0	0	0	0	0	0	0	0	2	2	0	0	0	2	0	0
147816	0	0	0	2	2	0	2	2	0	0	2	0	0	2	0	2	2	0	0	0	2	0	2	0	0	2	2	0	0	0	0	0	0	0	0	0	0	0	2	0	0	0	0	2	0	0
147795	0	0	0	0	2	2	2	2	0	0	2	0	0	2	0	2	2	2	0	2	0	0	2	2	0	0	0	2	0	0	0	0	0	0	0	0	0	0	2	0	0	0	0	2	0	0
147981	0	0	2	2	2	2	2	2	2	0	2	2	0	2	2	0	2	2	0	0	2	0	2	2	0	2	0	2	0	2	2	0	2	0	2	0	0	0	2	2	0	2	0	2	0	0
147948	0	0	0	2	2	0	2	2	0	0	2	0	2	2	0	0	2	0	0	0	0	0	2	0	0	0	0	0	0	0	0	0	0	0	0	0	0	0	2	0	0	0	0	2	0	0
147902	0	2	0	2	2	2	2	2	0	0	2	0	2	2	0	2	2	2	2	2	2	0	2	2	0	2	2	2	0	0	0	0	0	0	2	0	0	0	2	0	0	2	0	2	0	0
147885	0	0	2	2	0	0	2	2	0	0	0	0	2	2	0	2	0	0	0	0	2	0	2	2	0	2	0	2	0	0	0	0	0	0	0	0	2	0	0	0	0	2	0	2	0	0
148023	0	2	0	2	0	0	0	0	0	0	2	0	0	2	0	0	2	0	0	0	0	0	0	0	0	0	0	0	0	0	0	0	0	0	0	0	0	0	0	0	0	0	0	0	0	0
147995	0	0	0	2	0	0	0	0	0	0	2	0	0	2	0	0	2	0	0	0	0	0	0	0	2	0	0	0	0	0	0	0	0	0	0	0	0	0	2	0	0	0	0	0	0	0
148158	0	0	2	2	2	0	0	0	0	0	2	0	2	2	0	0	2	0	2	0	0	0	2	0	0	0	0	0	0	0	0	0	0	0	0	0	0	0	2	0	0	0	0	2	0	0
148134	0	2	2	2	2	2	2	2	0	0	2	0	2	2	0	2	2	2	0	0	2	0	2	2	2	2	2	2	0	0	0	0	0	0	0	0	0	0	2	2	0	2	0	2	0	0
148109	0	0	2	2	2	2	2	2	0	0	2	0	2	2	0	2	2	2	0	0	0	0	2	2	0	2	0	0	0	0	0	0	0	0	2	0	2	0	2	2	0	0	0	2	0	0
148267	0	0	2	2	2	2	2	2	0	0	2	0	2	2	0	0	2	2	0	0	2	0	2	0	0	0	0	0	0	0	0	0	0	0	0	0	0	0	2	0	0	0	0	2	0	0
148251	0	0	0	2	0	0	0	0	0	0	2	0	0	2	0	0	2	0	0	0	0	0	0	0	0	2	0	0	0	0	0	0	0	0	0	0	0	0	0	0	0	0	0	0	0	0
148219	0	2	2	2	2	2	2	2	0	0	2	0	0	2	0	2	2	2	0	0	2	0	2	2	0	2	0	2	0	0	0	0	0	0	2	0	0	0	2	2	0	2	0	2	0	0
148203	0	0	2	2	0	0	0	2	0	0	0	0	0	2	0	0	0	0	0	0	2	0	2	2	0	0	0	0	0	0	0	0	0	0	0	0	2	0	0	2	0	2	0	0	0	0
148189	0	2	0	0	2	2	2	2	0	0	2	0	0	2	0	2	2	2	0	2	0	0	2	2	0	0	0	2	0	0	2	0	0	0	0	0	0	0	2	0	0	0	0	2	0	0
148350	0	0	0	0	2	0	0	2	0	0	2	0	0	2	0	2	2	0	2	0	0	0	2	0	0	0	0	0	0	0	0	0	0	0	0	0	0	0	2	0	0	0	0	0	0	0
148436	0	0	0	0	2	0	2	0	0	0	2	0	0	2	0	2	2	2	2	0	0	0	2	0	0	0	0	0	0	0	0	0	0	0	0	0	0	0	2	0	0	0	0	2	0	0
148433	0	0	0	0	2	0	2	0	0	0	2	0	0	2	0	2	2	0	2	0	0	0	2	0	0	0	0	0	0	0	0	0	0	0	0	0	0	0	2	0	0	0	0	2	0	0
148427	0	2	2	2	2	2	2	2	0	0	2	0	2	2	0	2	2	2	0	0	2	0	2	2	0	2	2	2	0	0	0	0	0	0	0	0	0	0	2	2	0	2	0	2	0	0
148398	0	2	0	2	2	2	2	2	0	0	2	0	2	2	0	2	2	2	2	2	2	0	2	2	0	2	2	2	0	0	0	0	0	0	2	0	0	2	2	0	0	2	0	2	0	0
148577	0	2	2	2	2	2	2	2	0	0	2	0	2	2	0	0	2	2	0	0	2	0	2	2	0	2	2	2	0	0	0	0	0	0	2	0	2	0	2	2	0	2	0	2	0	0
148945	0	0	0	2	2	0	0	2	0	0	2	0	2	2	0	0	2	0	0	0	0	0	2	0	0	0	0	0	0	0	0	0	0	0	0	0	0	0	2	0	0	0	0	2	0	0
148924	0	0	0	2	0	2	2	2	0	0	2	0	0	2	0	0	2	2	0	0	0	0	2	0	0	2	0	0	0	0	0	0	0	0	0	0	0	0	2	0	0	2	0	2	0	0
148893	0	0	0	2	0	2	0	2	0	0	2	0	0	2	0	0	2	0	0	0	2	0	2	0	0	0	0	0	0	0	0	0	0	0	0	0	0	0	2	0	0	0	0	0	0	0
149027	0	0	0	0	0	0	0	0	0	0	0	0	0	0	0	2	0	0	0	0	0	0	2	0	0	0	0	0	0	0	0	0	0	0	0	0	0	0	0	0	0	0	0	0	0	0
149019	0	2	0	2	2	2	2	2	0	0	2	0	2	2	0	2	2	2	2	2	2	0	2	2	2	2	0	2	0	0	0	0	0	0	2	0	0	0	2	0	0	2	0	2	0	0
149011	0	0	0	2	2	0	2	2	0	0	2	0	0	2	0	0	2	2	0	0	0	0	2	0	0	2	0	0	0	0	0	0	0	0	0	0	0	0	2	0	0	0	0	2	0	0
149160	0	0	0	2	2	2	2	2	0	0	2	0	0	2	0	2	2	2	2	0	2	0	2	2	0	2	2	2	0	0	0	0	0	0	2	0	0	0	2	2	0	0	0	2	0	0
149159	0	2	0	2	2	2	2	2	2	2	2	0	2	2	0	2	2	2	2	0	2	0	2	2	0	0	0	2	0	0	0	0	0	0	2	0	0	2	0	0	2	0	2	0	0	0
149157	0	2	0	2	2	2	2	2	0	0	2	0	0	2	0	2	0	2	0	0	0	0	2	2	2	2	0	2	0	0	0	0	0	0	0	0	0	0	2	0	0	0	0	2	0	0
149156	0	2	0	2	2	2	2	2	0	0	2	0	2	2	0	2	2	2	0	0	0	0	2	2	2	2	0	2	0	0	0	0	0	0	0	0	0	0	2	2	0	0	0	2	0	0
149248	0	0	0	2	2	0	2	2	0	0	2	0	0	2	0	0	0	2	0	0	2	0	2	0	2	0	0	0	0	0	0	0	0	0	0	0	0	0	2	0	0	0	0	2	0	0
149203	0	0	0	2	2	2	2	2	0	0	2	0	0	2	0	2	2	2	2	0	0	0	2	2	0	2	2	2	0	0	0	0	0	0	2	0	0	0	2	0	0	0	0	2	0	0
149358	0	2	0	2	2	0	2	2	0	0	2	0	0	2	0	0	2	2	0	0	0	0	2	0	0	2	0	0	0	0	0	0	0	0	0	0	0	0	2	0	0	0	0	2	0	0
149349	0	0	0	2	0	0	0	2	0	0	2	0	0	2	0	0	0	2	0	0	2	0	0	0	0	0	2	2	0	0	0	0	0	0	0	0	0	0	0	0	0	0	0	0	0	0
149287	0	2	0	2	2	2	2	2	0	0	2	0	0	2	0	2	2	2	0	2	2	0	2	2	0	2	2	2	0	0	0	0	0	0	2	0	0	0	2	0	0	2	0	2	0	0
149281	0	0	2	0	0	0	0	0	0	0	2	0	2	2	0	0	2	0	0	0	0	0	0	0	0	0	0	0	0	0	0	0	0	0	0	0	0	0	2	0	0	0	0	0	0	0
149444	0	0	0	2	2	2	2	2	0	0	2	0	2	2	2	2	2	2	2	2	0	0	2	2	0	0	2	0	0	0	0	2	0	2	0	0	0	0	2	0	2	2	0	2	0	0
149428	0	2	0	2	2	2	2	2	0	0	2	0	0	2	0	2	2	2	2	0	0	0	2	2	0	2	2	2	0	0	0	0	0	0	2	0	0	0	2	0	0	0	0	2	0	0
149427	0	0	0	2	2	0	0	0	0	0	0	0	0	2	0	0	2	0	0	0	0	0	0	0	0	0	0	0	0	0	0	0	0	0	0	0	0	0	2	0	0	0	0	0	0	0
149421	0	0	0	2	2	0	0	2	0	0	2	0	0	2	0	2	2	0	0	0	0	0	0	0	2	0	0	0	0	0	0	0	0	0	0	0	0	0	2	0	0	0	0	2	0	0
149420	0	0	0	2	2	0	0	2	0	0	2	0	0	2	0	2	2	0	0	0	0	0	2	0	0	0	0	0	0	0	0	0	0	0	0	0	0	0	0	0	0	0	0	0	0	0
149368	0	0	2	2	2	2	2	2	0	0	2	0	2	2	0	2	2	0	0	0	2	0	2	2	2	0	0	2	0	0	2	0	0	0	2	0	0	0	2	2	0	0	0	2	0	0
149529	0	0	0	0	0	0	0	2	0	0	2	0	2	2	0	0	2	0	0	0	0	0	2	2	0	0	0	0	0	0	0	0	0	0	0	0	0	0	2	0	0	0	0	2	0	0
149503	0	0	2	2	2	0	0	0	0	0	2	0	2	2	0	2	2	2	2	0	0	0	0	0	0	0	0	0	0	0	0	0	0	0	0	0	0	0	2	0	0	0	0	2	0	0
149485	0	0	0	2	2	0	0	2	0	0	2	0	0	2	0	2	0	2	2	0	2	0	2	0	0	2	2	2	0	0	0	0	0	0	2	0	0	2	2	2	0	0	0	2	0	0
149479	0	0	0	2	2	0	2	2	0	0	2	0	0	2	0	2	2	0	2	0	0	0	2	0	0	2	2	2	0	0	0	0	0	0	0	0	0	0	0	0	0	0	0	2	0	0
149478	0	2	0	2	2	2	2	2	0	0	2	0	0	2	0	2	2	0	2	0	0	0	2	0	0	2	0	2	0	0	0	0	0	0	0	0	0	0	0	0	0	0	0	2	0	0
149469	0	0	0	2	2	0	2	2	0	0	2	0	0	2	0	2	2	0	2	0	0	0	2	0	0	0	0	0	0	0	0	0	0	0	0	0	0	0	2	0	0	0	0	2	0	0
149660	0	2	0	0	0	0	0	0	0	0	0	0	0	0	0	0	0	2	0	0	0	0	0	0	0	0	0	0	0	0	0	0	0	0	0	0	0	0	0	0	0	0	0	0	0	0
149600	0	0	0	2	2	2	2	2	0	0	2	0	0	2	0	2	2	2	2	0	0	0	2	2	0	2	2	2	0	0	0	0	0	0	0	0	0	0	0	2	0	0	0	2	0	0
149599	0	2	2	2	2	2	2	2	0	0	2	0	2	2	0	2	2	2	0	2	2	0	2	2	2	2	0	2	0	0	0	0	0	0	2	0	0	0	2	0	0	2	0	2	0	0
149590	0	0	0	0	2	0	0	2	0	0	2	0	0	2	0	2	2	0	0	0	0	0	2	0	0	0	0	0	0	0	0	0	0	0	0	0	0	0	0	0	0	0	0	0	0	0
149584	0	0	2	2	2	0	0	0	0	0	2	0	2	2	0	0	2	2	0	0	2	0	0	0	0	0	0	2	0	0	0	0	0	0	0	0	0	0	0	2	0	0	0	2	0	0
149580	0	0	2	2	2	0	0	0	0	0	2	0	2	2	0	2	2	0	2	0	0	0	0	0	0	0	0	0	0	0	0	0	0	0	0	0	0	0	2	2	0	0	0	2	0	0
149570	0	0	0	2	2	0	0	0	0	0	2	0	2	2	0	0	0	0	0	0	0	0	2	0	0	0	0	0	0	0	0	0	0	0	0	0	0	0	0	0	0	0	0	0	0	0
149676	0	0	0	0	0	0	0	0	0	0	0	0	0	0	0	0	0	0	0	0	0	0	2	0	0	0	0	0	0	0	0	0	0	0	0	0	0	0	0	0	0	0	0	0	0	0
149846	0	0	2	2	2	0	2	0	0	0	2	0	0	2	0	0	2	2	0	0	2	0	2	0	0	0	0	0	0	0	0	0	0	2	0	0	0	0	2	2	0	0	0	2	0	0
149872	0	0	0	2	2	2	2	2	0	0	2	0	0	2	0	2	2	2	2	0	2	0	2	2	2	2	2	2	0	0	0	0	0	0	2	0	0	2	2	2	0	0	0	2	0	0
150019	0	2	2	2	2	2	2	2	0	0	0	0	2	2	0	0	0	2	0	0	2	0	2	2	0	2	2	2	0	0	0	0	0	0	0	0	2	0	0	0	0	2	0	2	0	0
149987	0	0	0	2	2	0	0	0	0	0	2	0	0	2	0	0	0	2	0	0	0	0	0	0	0	0	0	2	0	0	0	0	0	0	0	0	0	2	0	0	0	2	0	0	0	0
149980	0	0	2	2	2	2	2	2	0	0	2	0	2	2	0	2	2	2	0	2	2	0	2	2	2	0	0	2	0	0	0	0	0	0	2	0	0	0	2	2	0	0	0	2	0	0
149977	0	0	2	2	2	0	0	2	0	0	2	0	2	2	0	0	2	0	0	0	0	0	0	0	0	0	0	0	0	0	0	0	0	0	0	0	0	0	2	2	0	0	0	0	0	0
150107	0	0	0	2	2	0	2	2	0	0	2	0	0	2	0	0	2	0	0	0	2	0	2	2	2	2	2	0	0	0	0	0	0	2	2	2	0	0	2	2	0	2	0	2	0	0
150075	0	0	0	2	2	0	0	0	0	0	2	0	2	2	0	0	0	0	0	0	0	0	2	0	0	0	0	0	0	0	0	0	0	0	0	0	0	0	2	0	0	0	0	0	0	0
150187	0	2	2	2	2	2	2	2	0	0	2	0	2	2	0	2	2	2	0	0	0	0	2	2	2	2	0	0	0	0	0	0	0	0	2	0	0	0	2	0	0	0	0	2	0	0
150186	0	2	0	2	2	2	2	2	0	0	2	0	2	2	0	2	2	2	2	2	2	0	2	2	2	2	0	2	0	0	0	0	0	0	2	0	0	2	2	0	0	2	0	2	0	0
150176	0	2	0	2	2	2	2	2	0	0	2	0	0	2	0	2	2	2	2	0	2	0	2	2	2	2	2	2	0	0	0	0	0	0	2	0	0	0	2	2	0	0	0	2	0	0
150175	0	2	0	2	2	2	2	2	0	0	2	0	0	2	0	2	2	2	2	0	2	0	2	2	0	2	0	2	0	0	0	0	0	0	2	0	0	0	2	2	0	0	0	2	0	0
150173	0	0	0	2	2	2	2	2	0	0	2	0	0	2	0	2	2	2	2	0	2	0	2	2	0	2	0	2	0	0	0	0	0	0	2	0	0	0	2	0	0	0	0	2	0	0
150172	0	0	0	2	2	2	2	2	0	0	2	0	0	2	0	2	2	2	0	0	0	0	2	2	0	2	0	2	0	0	0	0	0	0	2	0	0	0	2	0	0	0	0	2	0	0
150350	0	0	2	2	2	2	2	2	2	0	0	2	2	2	0	0	0	2	0	0	2	0	2	2	0	0	0	2	0	2	2	0	0	0	2	0	2	0	0	2	0	2	0	2	0	2
150272	0	2	2	2	0	2	2	2	0	0	2	0	2	2	0	0	2	2	0	2	0	0	2	2	0	0	0	0	0	0	0	0	0	0	2	0	0	0	2	0	0	0	0	0	0	0
150455	0	0	0	2	2	2	2	2	0	0	2	0	2	2	0	2	2	0	0	0	2	0	2	2	0	0	0	0	0	0	0	0	0	0	2	0	0	0	2	0	0	2	0	2	0	0
150421	0	2	0	2	2	0	2	2	0	2	2	0	0	2	0	0	0	2	0	0	0	0	2	0	0	0	0	0	0	0	0	0	0	0	0	0	0	0	2	0	0	0	0	2	0	2
150379	0	0	0	0	0	0	0	0	0	0	0	0	0	0	0	0	0	0	0	0	0	0	0	0	0	0	0	0	0	0	0	0	0	0	0	0	0	0	2	0	0	0	0	0	0	0
150524	0	2	2	2	2	2	2	2	0	0	2	0	2	2	0	2	2	2	0	0	2	0	2	2	2	2	2	2	0	2	2	0	0	2	2	0	2	0	2	2	0	2	0	2	0	0
150516	0	2	0	2	2	2	2	2	0	0	2	0	0	2	0	2	2	2	2	2	2	0	2	2	2	2	2	2	0	0	0	0	0	0	2	0	0	0	2	0	0	2	0	2	0	0
150515	0	2	0	2	2	2	2	2	0	0	2	0	2	2	0	2	2	2	2	2	2	0	2	2	2	2	0	2	0	0	0	0	0	0	2	0	0	0	2	0	0	2	0	2	0	0
150505	0	0	0	0	2	0	2	2	0	0	2	0	0	2	0	2	2	2	0	2	0	0	2	0	0	0	0	2	0	0	0	0	0	0	0	0	0	0	0	0	0	0	0	2	0	0
150482	0	2	2	2	2	2	2	2	0	0	2	0	2	2	0	2	2	2	0	2	2	0	2	0	0	2	0	2	0	0	0	0	0	0	2	0	0	0	2	0	0	2	0	2	0	0
150481	0	0	0	2	2	2	2	2	0	0	2	0	0	2	0	2	2	2	2	2	2	0	2	2	0	2	0	2	0	0	0	0	0	0	2	0	0	0	2	0	0	2	0	2	0	0
150474	0	0	0	2	2	2	2	2	0	0	2	0	0	2	0	2	2	0	2	0	0	0	2	0	0	2	2	0	0	0	0	0	0	0	2	0	0	0	2	0	0	0	0	2	0	0
150473	0	2	0	2	2	2	2	2	0	0	2	0	0	2	0	2	2	2	2	0	0	0	2	2	2	0	0	0	0	0	0	0	0	0	2	0	0	0	2	0	0	0	0	2	0	0
150623	0	2	0	2	2	2	2	2	0	0	2	0	2	2	0	2	2	2	2	0	2	0	2	2	2	2	0	2	0	0	0	0	0	0	2	0	0	0	2	0	0	2	0	2	0	0
150610	0	0	2	2	2	2	0	2	2	0	2	0	2	2	0	2	2	2	0	0	2	0	2	2	0	2	0	2	0	2	0	0	0	2	2	0	2	0	2	2	0	2	0	2	0	0
150567	0	0	2	2	2	2	2	2	0	0	2	0	2	2	0	0	2	0	0	0	0	0	2	2	0	0	0	0	0	0	0	0	0	0	0	0	0	0	0	0	0	0	0	0	0	0
150670	0	0	0	2	0	2	2	2	0	0	2	0	0	2	0	0	0	2	2	0	0	0	2	0	0	2	0	0	0	0	0	0	0	0	0	0	0	0	2	0	0	0	0	2	0	0
150656	0	2	2	2	2	2	2	2	0	0	2	0	2	2	0	2	2	2	2	2	2	0	2	2	2	2	2	2	0	0	0	0	0	0	2	0	0	0	2	0	0	2	0	2	0	0
150768	0	0	2	2	2	2	2	2	0	0	2	0	0	2	0	2	2	2	2	2	2	0	2	2	2	2	2	2	0	0	0	0	0	0	2	0	0	0	2	0	0	2	0	2	0	0
150756	0	0	0	0	2	0	0	0	0	0	2	0	0	2	0	2	0	0	0	0	0	0	0	0	0	0	0	0	0	0	0	0	0	0	0	0	0	0	0	0	0	0	0	0	0	0
150899	0	0	2	2	0	2	2	2	0	0	2	0	2	2	0	2	2	2	0	0	2	0	2	0	2	2	2	2	0	0	0	0	0	0	2	0	2	0	2	2	0	0	0	2	0	0
150874	0	2	2	2	2	2	2	2	0	0	2	0	2	2	0	2	2	2	2	2	0	0	2	2	2	2	2	2	0	0	2	0	0	0	2	0	0	0	2	0	0	2	0	2	0	0
151001	0	0	2	2	2	0	0	0	0	0	2	0	2	2	0	0	2	0	0	0	0	0	0	0	0	0	0	0	0	0	0	0	0	0	0	0	0	0	2	0	0	0	0	0	0	0
151241	0	0	0	2	2	0	2	0	0	0	2	0	0	2	0	2	2	2	0	0	0	0	2	0	0	0	0	0	0	0	0	0	0	0	0	0	0	0	0	0	0	0	0	2	0	0
151233	0	2	0	2	2	0	2	2	0	0	2	0	0	2	0	0	0	2	0	0	0	0	2	0	2	0	0	0	0	0	0	0	0	0	0	0	0	0	2	0	0	2	0	2	0	0
151229	0	2	0	2	2	2	2	2	0	0	2	0	2	2	0	2	2	2	2	2	2	0	2	2	2	2	0	2	0	0	0	0	0	0	2	0	0	0	2	0	0	2	0	2	0	0
151226	0	2	2	2	2	2	2	2	0	0	0	0	2	2	0	0	2	2	0	0	2	0	2	2	0	0	0	0	0	0	0	0	0	0	2	0	0	0	2	2	0	0	0	2	0	0
151218	0	2	2	2	2	2	2	2	0	0	2	0	0	2	0	2	2	2	2	2	0	0	2	2	2	0	0	2	0	0	0	0	0	0	2	0	0	0	2	0	0	2	0	2	0	0
151192	0	0	0	2	2	0	2	2	0	0	2	0	0	2	0	0	0	2	0	0	0	0	2	0	2	0	0	0	0	0	0	0	0	0	0	0	0	0	2	0	0	0	0	2	0	0
151184	0	2	2	2	2	2	2	2	0	0	0	0	2	2	0	0	0	2	0	0	2	0	2	0	0	2	0	2	0	0	0	0	0	0	2	0	2	0	0	2	0	2	0	0	0	0
151176	0	0	0	2	2	2	2	2	0	0	2	0	0	2	0	2	2	2	2	0	2	0	2	2	2	2	2	2	0	0	0	0	0	0	2	0	0	0	2	0	0	0	0	2	0	0
151345	0	0	0	2	2	2	2	2	0	0	2	0	2	2	0	2	2	0	2	0	0	0	2	2	0	0	2	2	0	0	0	0	0	2	2	0	0	0	0	2	0	2	0	2	0	0
151344	0	2	0	0	2	2	2	2	0	0	2	0	0	2	0	2	2	2	0	2	0	0	2	2	0	0	0	2	0	0	0	0	0	0	0	0	0	0	0	0	0	0	0	2	0	0
151300	0	0	0	2	0	2	2	0	0	0	2	0	2	2	0	0	0	0	0	0	0	0	2	0	0	0	0	0	0	0	0	0	0	0	0	0	0	0	2	0	0	0	0	0	0	0
151299	0	0	0	2	0	2	2	2	0	0	2	0	0	2	0	0	0	2	0	0	0	0	2	0	0	2	0	0	0	0	0	0	0	0	0	0	0	0	2	0	0	0	0	2	0	0
151268	0	2	0	2	0	0	2	2	0	0	2	0	0	2	0	0	0	2	0	0	0	0	2	2	2	2	0	0	0	0	0	0	0	0	0	0	0	0	2	0	0	0	0	2	0	0
151253	0	0	2	2	2	2	2	2	0	0	2	0	2	2	0	2	2	2	2	0	0	0	2	2	0	0	0	2	0	0	0	0	0	0	0	0	0	0	2	0	0	0	0	2	0	0
151352	0	0	2	2	2	2	2	2	0	0	2	0	2	2	0	0	2	0	0	0	0	0	2	2	0	0	0	0	0	0	0	0	0	0	0	0	0	0	2	0	0	0	0	0	0	0
151533	0	0	2	2	2	2	2	2	0	0	2	0	2	2	0	2	2	0	0	0	0	0	2	2	0	2	0	0	0	0	0	0	0	0	0	0	0	0	2	2	0	2	0	2	0	0
151464	0	0	0	2	2	2	0	0	0	0	0	0	2	2	0	0	2	0	0	0	0	0	2	2	0	0	0	0	0	0	0	0	0	0	0	0	0	0	2	0	0	0	0	2	0	0
151624	0	0	0	0	0	0	0	0	0	0	0	0	0	0	0	0	0	0	0	0	0	0	0	0	0	0	0	0	0	0	0	0	0	0	0	0	0	0	2	0	0	0	0	0	0	0
151615	0	0	0	0	0	0	0	0	0	0	0	0	0	2	0	0	0	0	0	0	0	0	0	0	0	0	0	0	0	0	0	0	0	0	0	0	0	0	0	0	0	0	0	0	0	2
151575	0	0	0	0	0	0	0	0	0	0	0	0	0	0	0	0	0	0	0	0	0	0	2	0	0	0	0	0	0	0	0	0	0	0	0	0	0	0	0	0	0	0	0	0	0	0
151741	0	2	0	2	2	2	2	2	0	0	2	0	0	2	0	2	2	2	0	2	2	0	2	2	2	2	0	2	0	0	0	0	0	0	2	0	0	0	2	0	0	2	0	2	0	0
151714	0	2	2	2	2	2	2	2	0	0	0	0	2	2	0	0	2	2	0	0	2	0	2	2	0	2	2	2	0	0	0	0	0	0	2	0	2	0	0	2	0	2	0	2	0	0
151704	0	2	0	2	2	0	0	0	0	0	2	0	2	2	0	0	2	0	0	2	0	0	2	0	0	2	0	0	0	0	0	0	0	2	2	0	0	0	0	2	0	2	0	2	0	2
151645	0	2	0	2	2	2	2	2	0	0	2	0	2	2	0	2	2	2	2	2	2	0	2	2	2	2	0	2	0	0	0	0	0	0	2	0	0	2	2	0	0	2	0	2	0	0
151806	0	0	0	0	2	2	2	2	0	0	2	0	0	2	0	2	2	0	2	0	0	0	2	0	0	0	0	0	0	0	0	0	0	0	0	0	0	0	2	0	0	0	0	2	0	0
151805	0	0	0	0	2	0	2	2	0	0	2	0	0	2	0	2	2	0	2	0	0	0	2	0	0	0	0	0	0	0	0	0	0	0	0	0	0	0	2	0	0	0	0	2	0	0
151804	0	0	2	2	2	2	2	2	0	0	2	0	2	2	0	2	2	2	0	0	2	0	2	2	2	0	0	2	0	0	0	0	0	0	0	0	2	0	2	2	0	0	0	0	0	0
151803	0	0	0	2	2	0	2	2	0	0	2	0	0	2	0	2	2	0	0	0	2	0	2	2	2	2	0	0	0	0	0	0	0	2	0	0	2	2	2	2	0	2	0	2	2	0
151802	0	2	0	0	2	2	2	2	0	0	2	0	0	2	0	2	2	2	0	2	0	0	2	2	0	0	0	2	0	0	0	0	0	0	0	0	0	0	2	0	0	0	0	2	0	0
151801	0	2	0	2	2	2	2	2	0	0	2	0	0	2	0	2	2	2	2	0	0	0	2	2	0	2	0	2	0	0	0	0	0	0	2	0	0	0	2	0	0	2	0	2	0	0
151785	0	0	0	0	2	0	2	2	0	0	2	0	0	2	0	2	2	2	0	2	0	0	2	0	0	0	0	2	0	0	0	0	0	0	0	0	0	0	0	0	0	0	0	2	0	0
151769	0	2	0	0	2	0	2	0	0	0	2	0	0	2	0	2	2	0	2	0	0	0	2	0	0	0	0	0	0	0	0	0	0	0	0	0	0	0	2	0	0	0	0	2	0	0
151766	0	0	2	2	0	2	2	2	0	0	2	0	2	2	0	0	2	2	0	0	0	0	2	2	0	0	0	0	0	0	0	0	0	0	0	0	0	0	2	0	0	0	0	2	0	0
151934	0	0	0	0	0	0	0	0	0	0	2	0	2	2	0	0	0	2	0	0	0	0	0	0	0	0	0	0	0	0	0	0	0	0	0	0	0	0	2	0	0	0	0	0	0	0
151897	0	0	0	2	2	2	2	2	0	0	2	0	0	2	0	2	2	2	2	0	2	0	2	2	0	2	2	2	0	0	0	0	0	0	2	0	0	2	2	2	0	2	0	2	0	0
151896	0	2	0	2	2	0	2	2	0	0	2	0	0	2	0	0	2	2	0	0	0	0	2	0	0	2	0	0	0	0	0	0	0	0	0	0	0	0	2	0	0	0	0	2	0	0
151869	0	0	0	2	0	0	2	2	0	0	2	0	0	2	0	0	0	2	0	0	0	0	2	0	0	2	0	0	0	0	0	0	0	0	0	0	0	0	2	0	0	0	0	2	0	0
151849	0	2	0	0	2	0	2	0	0	0	2	0	0	2	0	2	2	0	2	0	0	0	2	0	2	2	0	0	0	0	0	0	0	0	0	0	0	0	2	0	0	0	0	2	0	0
151844	0	0	2	2	2	2	2	2	0	0	2	0	2	2	0	0	2	0	0	0	0	0	2	2	0	0	0	0	0	0	0	0	0	0	0	0	0	0	2	0	0	0	0	2	0	0
152016	0	0	0	2	2	0	0	0	0	0	2	0	0	2	0	0	2	0	0	0	0	0	2	0	0	0	0	0	0	0	0	0	0	2	0	0	0	0	2	0	0	0	0	2	0	0
152005	0	2	2	2	2	2	2	2	0	0	2	0	2	2	0	0	2	2	0	0	0	0	2	2	0	0	0	0	0	0	0	0	0	0	0	0	0	0	2	0	0	0	0	2	0	0
152002	0	0	0	2	0	0	0	2	0	0	2	0	0	2	0	2	0	2	0	0	0	0	0	0	0	2	0	2	0	0	0	0	0	0	0	0	0	0	2	0	0	0	0	2	0	0
152001	0	2	2	2	2	2	2	2	0	0	2	0	2	2	0	0	2	0	0	0	2	0	2	2	2	2	2	2	0	0	0	0	0	2	2	2	2	0	2	2	0	2	0	2	2	0
151973	0	2	0	2	2	2	2	2	0	0	2	0	0	2	0	0	2	2	0	0	0	0	2	2	0	2	0	0	0	0	0	0	0	2	2	0	0	0	2	2	0	2	0	2	0	0
151953	0	2	2	2	2	2	2	2	0	0	2	0	2	2	0	2	2	2	0	0	2	0	2	2	0	2	0	2	0	0	0	0	0	0	2	0	2	0	0	2	0	2	0	2	0	0
152120	0	0	2	0	0	0	0	0	0	0	2	0	2	2	0	0	2	0	0	0	0	0	0	0	0	0	0	0	0	0	0	0	0	0	0	0	0	0	2	0	0	0	0	0	0	0
152119	0	0	2	0	0	0	0	0	0	0	2	0	2	2	0	0	2	0	0	0	0	0	0	0	0	0	0	0	0	0	0	0	0	0	0	0	0	0	2	0	0	0	0	0	0	0
152108	0	0	0	0	2	0	0	2	0	0	2	0	0	2	0	0	0	0	0	0	0	0	2	2	0	0	0	0	0	0	0	0	0	0	0	0	0	0	0	0	0	0	0	0	0	0
152073	0	0	2	2	0	0	2	2	0	0	2	0	2	2	0	0	2	2	0	0	2	0	2	2	0	0	0	0	0	0	0	0	0	0	0	0	0	0	2	0	0	0	0	2	0	0
152060	0	0	2	2	2	2	2	2	0	0	2	0	2	2	0	0	2	0	0	0	0	0	2	2	0	0	0	0	0	0	0	0	0	0	0	0	0	0	0	0	0	0	0	0	0	0
152202	0	0	0	2	2	0	0	2	0	0	2	0	0	2	0	0	0	0	0	0	0	0	2	2	0	0	0	0	0	0	0	0	0	0	0	0	0	0	2	0	0	0	0	2	0	0
152330	0	0	2	2	2	0	0	2	0	0	2	0	2	2	0	2	2	2	0	0	2	0	2	2	0	2	0	2	0	0	0	0	0	0	0	0	2	0	2	2	0	2	0	2	0	0
152298	0	0	2	2	2	2	0	2	0	0	2	0	2	2	0	0	2	0	0	0	2	0	2	2	0	2	2	0	0	0	0	0	0	2	0	0	0	0	0	2	0	2	0	2	0	0
152292	0	2	0	2	0	2	2	2	0	0	2	0	0	2	0	2	2	0	0	0	0	0	2	2	0	0	0	0	0	0	0	0	0	0	0	0	0	0	2	0	0	0	0	2	0	0
152291	0	0	2	0	0	0	0	0	0	0	2	0	0	2	0	0	2	0	0	0	0	0	0	0	0	0	0	0	0	0	0	0	0	0	0	0	0	0	0	0	0	0	0	0	0	0
152256	0	0	0	2	2	0	2	2	0	0	2	0	2	2	0	2	2	2	0	0	0	0	2	2	0	0	0	0	0	0	0	0	0	0	0	0	0	0	2	0	0	0	0	2	0	0
152412	0	0	2	2	2	2	2	2	0	0	2	0	2	2	0	0	2	2	0	0	2	0	2	2	2	0	0	2	0	0	0	0	0	0	2	2	2	0	2	2	0	2	0	2	0	0
152410	0	0	2	2	2	2	2	2	0	0	2	0	2	2	0	0	2	2	0	2	0	0	2	2	0	0	0	0	0	0	0	0	0	0	0	0	0	0	2	2	0	0	0	2	0	0
152358	0	0	2	2	2	2	2	2	0	0	2	0	2	2	0	2	2	0	2	2	0	0	2	2	0	0	2	0	0	0	0	0	0	0	0	0	0	0	2	2	0	0	0	2	0	0
152357	0	0	2	2	2	2	2	2	0	0	2	0	2	2	0	2	2	0	2	2	0	0	2	2	0	0	2	0	0	0	0	0	0	0	0	0	0	0	2	2	0	0	0	2	0	0
152351	0	0	0	2	2	2	2	2	0	0	2	0	2	2	2	2	2	2	2	2	0	0	2	2	2	0	2	0	0	0	0	2	0	2	2	0	0	2	2	0	2	2	0	2	0	0
152513	0	0	0	2	2	2	2	2	0	0	2	0	0	2	0	0	0	2	0	0	0	0	2	0	0	0	0	0	0	0	0	0	0	0	0	0	0	0	2	0	0	0	0	2	0	0
152620	0	2	2	2	2	2	2	2	0	0	2	0	2	2	2	0	2	0	0	0	2	0	2	2	2	2	2	2	0	0	0	0	0	2	2	2	2	0	2	2	0	2	0	2	2	0
152598	0	0	2	2	2	0	0	0	0	0	2	0	2	2	0	2	2	0	2	0	0	0	0	0	0	0	0	0	0	0	2	0	0	0	0	0	0	0	2	2	0	0	0	2	0	0
152597	0	0	2	2	2	2	2	2	0	0	2	0	2	2	2	2	2	2	2	2	0	0	2	2	2	0	2	0	0	0	0	0	0	0	2	0	0	2	2	0	2	2	0	2	0	0
152727	0	2	0	2	2	0	0	2	0	0	2	0	0	2	0	2	0	2	0	2	0	0	0	0	0	0	0	0	0	0	0	0	0	0	0	0	0	0	2	0	0	0	0	2	0	0
152720	0	2	2	2	2	2	2	2	0	0	2	0	2	2	0	2	2	2	0	0	0	0	2	2	2	2	0	2	0	0	0	0	0	0	0	0	0	0	2	0	0	0	0	2	0	0
152708	0	2	0	2	2	2	2	2	0	0	2	0	2	2	0	0	2	0	0	0	0	0	2	0	0	0	0	0	0	0	0	0	0	2	2	0	0	0	2	2	0	2	0	2	0	0
152686	0	2	0	2	2	2	2	2	0	0	2	0	0	2	0	2	2	0	2	0	2	0	2	2	2	2	2	2	0	0	2	0	0	2	2	0	2	0	2	2	0	2	0	2	2	0
152679	0	0	0	2	2	0	2	2	0	0	2	0	0	2	0	0	0	2	0	0	0	0	2	0	0	2	0	0	0	0	0	0	0	0	0	0	0	0	2	0	0	0	0	2	0	0
152656	0	2	0	0	2	0	2	2	0	0	2	0	0	2	0	2	2	2	0	2	0	0	2	0	0	0	0	2	0	0	0	0	0	0	0	0	0	0	2	0	0	0	0	2	0	0
152641	0	0	0	2	2	0	0	0	0	0	2	0	2	2	0	0	2	0	0	0	2	0	0	0	0	0	0	0	0	0	0	0	0	0	2	0	0	0	2	0	0	0	0	0	0	0
152815	0	0	2	2	2	0	0	2	0	0	2	0	2	2	0	2	2	2	0	0	0	0	0	0	0	0	0	0	0	0	0	0	0	0	0	0	0	0	2	0	0	2	0	2	0	0
152795	0	0	2	2	2	2	2	2	0	0	2	0	2	2	0	2	2	2	0	2	2	0	2	2	2	0	0	2	0	0	0	0	0	0	2	0	0	0	2	2	0	0	0	2	0	0
152787	0	0	2	2	2	0	0	2	0	0	2	0	0	2	0	2	2	0	0	0	0	0	2	0	0	2	0	0	0	0	0	0	0	0	0	0	0	2	0	2	0	0	0	0	0	0
152784	0	0	2	2	0	0	0	0	0	0	2	0	0	2	0	2	0	2	0	0	2	0	0	0	0	0	0	0	0	0	0	0	0	0	0	0	0	0	0	0	0	0	0	2	0	0
152752	0	0	2	2	2	0	2	2	0	0	2	0	2	2	0	0	2	0	0	0	0	0	0	0	0	0	0	0	0	0	0	0	0	0	0	0	0	0	2	2	0	0	0	0	0	0
152738	0	2	2	2	2	2	2	2	0	0	2	0	2	2	0	2	0	2	2	0	2	2	2	2	0	2	2	2	0	0	0	0	0	2	0	0	0	0	2	2	0	2	0	2	0	0
153016	0	2	0	2	2	2	2	0	0	0	2	0	0	2	0	2	2	2	0	2	2	0	2	0	2	2	0	2	0	0	0	0	0	0	2	0	0	0	2	0	0	2	0	2	0	0
153008	0	0	0	2	2	2	2	2	0	0	2	0	0	2	0	0	2	0	0	2	0	0	2	2	0	0	0	0	0	0	0	0	0	0	0	0	0	0	2	2	0	2	0	2	0	0
153007	0	0	0	2	2	2	2	2	0	0	2	0	0	2	0	2	2	2	0	2	0	0	2	2	2	0	0	0	0	0	0	0	0	2	2	0	0	0	2	2	0	2	0	2	0	0
152977	0	0	0	2	2	0	0	2	0	0	2	0	0	2	0	0	2	0	0	0	0	0	2	0	0	0	0	0	0	0	0	0	0	0	0	0	0	0	2	0	0	0	0	2	0	0
152975	0	2	0	2	2	0	2	2	0	0	2	0	2	2	0	2	2	2	2	0	0	0	2	0	0	0	0	0	0	0	0	0	0	0	0	0	0	0	2	0	0	0	0	2	0	0
152971	0	0	2	2	0	0	0	0	0	0	2	0	0	2	2	2	2	0	0	0	0	0	0	0	0	0	0	0	0	0	0	0	0	0	0	0	0	0	2	0	0	0	0	2	0	0
152939	0	2	0	2	0	0	0	2	0	0	0	0	0	2	0	2	0	0	0	2	0	0	0	0	0	0	0	0	0	0	0	0	0	0	0	0	0	0	2	0	0	0	0	2	0	0
153064	0	0	0	0	0	0	0	0	0	0	0	0	0	0	0	0	0	0	0	0	0	0	2	0	0	0	0	0	0	0	0	0	0	0	2	0	2	0	0	0	0	0	0	0	0	0
153228	0	0	0	2	2	0	0	2	0	0	2	0	0	2	0	2	2	2	0	0	2	0	2	0	0	2	2	2	0	0	0	0	0	0	0	0	0	0	0	0	0	0	0	2	0	0
153205	0	0	2	2	2	2	2	2	0	2	2	0	2	2	0	2	2	2	0	0	2	0	2	2	2	2	0	2	0	0	0	0	0	0	2	2	2	0	2	2	0	2	0	2	0	0
153183	0	0	0	0	0	0	0	0	0	0	0	0	0	0	0	0	0	0	0	0	0	0	0	0	0	0	0	0	0	0	0	0	0	0	0	0	0	0	2	0	0	0	0	0	0	0
153178	0	2	0	2	2	2	2	2	0	0	2	0	2	2	0	2	2	2	2	0	2	0	2	2	2	2	0	2	0	0	0	0	0	0	2	0	0	2	2	0	0	2	0	2	0	0
153170	0	0	0	2	2	0	2	0	0	0	2	0	0	2	0	0	0	2	0	0	0	0	2	0	2	0	0	0	0	0	0	0	0	0	0	0	0	0	2	0	0	2	0	2	0	0
153156	0	0	2	2	2	0	0	0	0	0	0	0	0	0	0	0	0	0	0	0	0	0	0	0	0	0	0	0	0	0	0	0	0	0	0	0	0	0	0	0	0	0	0	0	0	0
153145	0	0	0	0	2	2	2	2	0	0	2	0	0	2	0	2	2	0	2	0	0	0	2	0	0	0	0	0	0	0	0	0	0	0	2	0	0	0	2	0	0	0	0	2	0	0
153135	0	0	2	2	2	2	2	2	0	0	2	0	2	2	0	0	2	0	0	0	2	0	2	2	2	2	2	2	0	0	0	0	0	2	2	0	2	0	0	2	0	2	0	2	2	0
153134	0	0	2	2	2	2	0	2	0	0	2	0	2	2	0	0	2	0	0	0	2	0	2	2	0	2	0	2	0	0	0	0	0	2	0	0	0	0	0	2	0	2	0	2	0	0
153133	0	0	2	2	2	2	0	2	0	0	2	0	2	2	0	0	2	0	0	0	2	0	2	2	0	2	0	2	0	0	0	0	0	2	2	0	0	0	0	2	0	2	0	2	2	0
153286	0	0	2	0	2	0	0	0	0	0	2	0	0	2	0	0	0	0	0	0	0	0	0	0	0	0	0	0	0	0	0	0	0	0	0	0	0	0	0	0	0	0	0	0	0	0
153280	0	2	0	0	0	0	0	0	0	0	0	0	0	2	0	0	0	2	0	2	0	0	0	0	0	0	0	0	0	0	0	0	0	0	0	0	0	0	2	0	0	0	0	2	0	0
153276	0	2	0	0	0	0	0	0	0	0	2	0	0	2	0	0	2	2	0	2	0	0	0	0	0	0	0	0	0	0	0	0	0	0	0	0	0	0	2	0	0	0	0	2	0	0
153270	0	2	0	0	0	0	0	0	0	0	0	0	0	0	0	0	2	2	0	2	0	0	0	0	0	0	0	0	0	0	0	0	0	0	0	0	0	0	2	0	0	0	0	2	0	0
153267	0	2	0	0	0	0	0	0	0	0	0	0	0	2	0	0	2	2	0	0	0	0	0	0	0	0	0	0	0	0	0	0	0	0	0	0	0	0	2	0	0	0	0	2	0	0
153266	0	2	0	0	0	0	0	0	0	0	0	0	0	2	0	2	2	2	0	0	0	0	0	0	0	0	0	0	0	0	0	0	0	0	0	0	0	0	2	0	0	0	0	2	0	2
153265	0	0	0	0	0	0	0	0	0	0	2	0	0	2	0	2	2	2	0	0	0	0	0	0	0	0	0	0	0	0	0	0	0	0	0	0	0	0	2	0	0	0	0	2	0	0
153264	0	0	0	0	0	0	0	0	0	0	2	0	0	2	0	2	2	2	0	0	0	0	0	0	0	0	0	0	0	0	0	0	0	0	0	0	0	0	2	0	0	0	0	2	0	0
153263	0	0	0	0	0	0	0	0	0	0	2	0	0	2	0	2	2	2	0	0	0	0	0	0	0	0	0	0	0	0	0	0	0	0	0	0	0	0	2	0	0	0	0	2	0	0
153259	0	0	0	2	0	2	0	2	2	0	2	0	0	2	0	2	0	0	0	0	0	0	2	2	2	0	0	0	0	0	0	0	0	0	0	0	0	0	0	0	0	0	0	2	0	0
153389	0	0	0	2	2	2	2	2	0	2	2	0	2	2	2	0	2	0	0	0	2	0	2	2	2	2	0	2	0	0	0	0	0	0	2	0	2	0	2	2	0	2	0	2	2	2
153388	0	0	0	2	2	0	0	0	0	0	2	0	0	2	0	2	0	0	0	0	2	0	0	0	0	0	0	0	0	0	0	0	0	0	0	0	0	0	2	0	0	0	0	2	0	0
153387	0	0	0	0	0	0	0	0	0	0	2	0	0	2	0	2	2	2	0	2	0	0	0	0	0	0	0	0	0	0	0	0	0	0	0	0	0	0	2	0	0	0	0	2	0	0
153386	0	0	0	0	0	0	0	0	0	0	2	0	0	2	0	2	2	2	0	0	0	0	0	0	0	0	0	0	0	0	0	0	0	0	0	0	0	0	2	0	0	0	0	2	0	0
153385	0	0	0	0	0	0	0	0	0	0	2	0	0	2	0	2	2	2	0	0	0	0	0	0	0	0	0	0	0	0	0	0	0	0	0	0	0	0	2	0	0	0	0	2	0	0
153384	0	0	0	0	0	0	0	0	0	0	2	0	0	2	0	2	2	2	0	2	0	0	0	0	0	0	0	0	0	0	0	0	0	0	0	0	0	0	2	0	0	0	0	2	0	0
153383	0	0	0	0	0	0	0	0	0	0	0	0	0	2	0	0	2	2	0	0	0	0	0	0	0	0	0	0	0	0	0	0	0	0	0	0	0	0	2	0	0	0	0	2	0	0
153382	0	0	0	0	0	0	0	0	0	0	2	0	0	2	0	2	2	2	0	0	0	0	0	0	0	0	0	0	0	0	0	0	0	0	0	0	0	0	2	0	0	0	0	2	0	0
153381	0	0	0	0	0	0	0	0	0	0	0	0	0	2	0	0	2	2	0	0	0	0	0	0	0	0	0	0	0	0	0	0	0	0	0	0	0	0	2	0	0	0	0	2	0	0
153372	0	0	0	2	2	0	0	0	0	0	2	0	0	2	0	0	2	0	0	0	0	0	0	0	0	0	0	0	0	0	0	0	0	0	0	0	0	0	2	2	0	0	0	0	0	0
153370	0	2	2	2	2	2	2	2	0	0	2	0	2	2	2	2	0	2	0	0	2	0	2	2	2	2	2	2	0	0	2	0	0	2	0	0	0	0	2	2	0	2	0	2	0	0
153516	0	0	0	2	2	0	0	0	0	0	2	0	2	2	0	2	2	0	0	0	0	0	2	0	0	0	0	0	0	0	0	2	0	0	0	0	0	0	0	0	0	0	0	2	0	0
153506	0	0	0	2	2	2	2	2	0	0	2	0	0	2	0	0	2	0	0	0	0	0	2	2	0	0	0	0	0	0	0	0	0	2	0	0	0	0	0	0	0	0	0	2	0	0
153500	0	0	2	2	2	2	2	2	0	2	2	0	2	2	0	2	2	2	0	0	2	0	2	2	2	2	0	2	0	0	0	0	0	2	2	2	2	0	2	2	0	2	0	2	0	0
153498	0	0	2	2	2	2	2	2	0	2	2	0	2	2	0	2	2	2	0	0	2	0	2	2	2	2	0	2	0	0	2	0	0	0	2	2	2	0	2	2	0	2	0	2	0	0
153568	0	0	0	0	2	0	0	2	0	0	2	0	0	2	0	0	2	0	0	0	0	0	2	0	0	0	0	0	0	0	0	0	0	0	0	0	0	0	2	0	0	0	0	0	0	0
153625	0	0	0	0	2	2	2	2	0	0	2	0	0	2	0	2	2	2	0	2	0	0	2	2	0	0	0	2	0	0	0	2	0	0	0	0	0	0	0	0	0	0	0	2	0	0
153789	0	0	2	2	2	0	2	2	0	0	2	0	0	2	0	2	2	0	0	0	2	0	2	2	0	0	0	2	0	0	0	0	0	2	0	0	0	0	2	2	0	0	0	0	0	0
153875	0	0	2	2	2	0	0	2	0	0	2	0	2	2	0	2	2	0	0	0	2	0	2	2	0	2	0	2	0	0	2	0	0	2	0	0	2	2	2	2	0	0	0	2	0	0
153859	0	2	0	2	0	0	2	2	0	0	2	0	0	2	0	2	2	0	0	0	0	0	2	0	2	0	0	0	0	0	0	0	0	0	0	0	0	0	2	0	0	0	0	2	0	0
153832	0	0	2	2	2	2	2	2	0	0	2	0	2	2	0	0	2	2	0	2	0	0	2	2	0	0	0	0	0	0	0	0	0	0	2	0	0	0	2	0	0	0	0	2	0	0
153831	0	0	2	2	2	2	2	2	0	0	2	0	2	2	0	0	2	2	0	2	0	0	2	2	0	0	0	0	0	0	0	0	0	0	2	0	0	0	2	0	0	0	0	2	0	0
154074	0	0	0	2	0	0	0	0	0	0	0	0	0	2	0	0	0	2	0	0	2	0	0	0	2	0	0	2	0	0	0	0	0	0	0	0	0	0	2	0	0	0	0	0	0	0
154191	0	2	0	2	2	0	2	2	0	0	2	0	0	2	0	0	0	2	0	0	0	0	2	0	2	0	0	0	0	0	0	0	0	0	0	0	0	0	2	0	0	2	0	2	0	0
154190	0	2	0	2	2	0	2	2	0	0	2	0	0	2	0	0	0	2	0	0	0	0	2	0	2	0	0	0	0	0	0	0	0	0	0	0	0	0	2	0	0	2	0	2	0	0
154189	0	2	0	2	2	0	2	2	0	0	2	0	0	2	0	0	0	2	0	0	0	0	2	0	2	0	0	0	0	0	0	0	0	0	0	0	0	0	2	0	0	2	0	2	0	0
154162	0	0	2	2	2	2	2	2	0	0	2	0	2	2	0	2	2	2	0	0	2	0	2	2	2	0	0	2	0	0	0	0	0	0	0	0	0	0	2	0	0	0	0	2	0	0
154377	0	0	2	2	0	2	2	2	0	0	2	0	2	2	0	2	2	2	0	0	2	0	2	2	2	0	0	0	0	0	0	0	0	0	0	0	0	0	2	0	0	0	0	2	0	0
154373	0	2	2	2	2	2	2	2	2	0	2	0	2	2	0	2	2	2	0	0	2	0	2	2	0	2	2	0	0	0	2	0	0	0	0	0	0	0	2	2	0	2	0	2	0	0
154515	0	0	2	2	2	0	0	0	0	0	2	0	0	2	0	0	2	0	0	0	2	0	2	2	0	0	0	2	0	0	0	0	0	0	2	0	0	0	2	2	0	2	0	2	0	0
154507	0	0	2	2	2	0	0	2	0	0	2	0	2	2	0	2	2	0	2	0	2	0	2	2	0	2	0	2	0	0	0	0	0	0	2	0	0	0	0	2	0	2	0	2	0	0
154565	0	2	0	2	2	0	0	0	0	0	2	0	2	2	0	2	0	2	2	0	2	0	2	2	0	2	2	2	0	0	0	0	0	2	2	0	0	0	2	2	0	0	0	2	0	0
154563	0	0	2	2	2	2	2	2	0	0	2	0	2	2	0	2	0	2	2	0	2	0	2	2	0	0	0	2	0	0	2	0	0	2	2	0	2	0	0	2	0	2	2	2	0	0
154677	0	2	2	2	2	2	2	2	0	0	2	0	2	2	0	2	2	2	2	0	2	0	2	2	0	2	0	2	0	0	0	0	0	0	2	0	2	2	0	2	0	2	0	2	0	0
154637	0	0	0	2	2	0	0	0	0	0	2	0	0	2	0	2	0	0	0	0	0	0	2	0	0	0	0	0	0	0	0	0	0	0	0	0	0	0	2	0	0	0	0	2	0	0
154800	0	2	0	2	2	2	0	2	0	0	2	0	2	2	0	0	0	2	0	0	0	0	2	2	0	2	0	0	0	0	0	0	0	0	2	0	0	0	0	0	0	2	0	2	0	0
154794	2	0	0	2	2	0	2	2	0	0	2	0	0	2	0	2	2	2	2	2	0	0	2	0	0	0	0	0	0	0	0	0	0	2	0	0	0	0	2	0	0	2	0	2	0	0
154778	0	2	0	2	2	2	2	2	0	0	2	0	0	2	0	2	2	0	0	2	0	0	2	2	0	0	0	0	0	0	0	0	0	0	0	0	0	0	2	0	0	2	0	2	0	0
154865	0	0	2	2	2	0	0	0	0	0	2	0	2	2	0	0	2	2	0	0	2	0	0	0	2	0	0	0	0	0	0	0	0	0	0	0	0	0	0	2	0	0	0	0	0	0
154854	0	2	2	2	2	2	2	2	2	0	2	0	2	2	2	2	2	2	2	0	2	0	2	2	2	2	0	2	0	0	2	0	0	0	2	0	2	0	2	2	0	2	0	2	0	0
154852	0	2	0	2	0	0	0	2	0	0	2	0	0	2	0	2	2	2	0	2	0	2	2	0	0	0	0	0	0	0	0	0	0	0	0	0	0	0	2	0	0	0	0	2	0	0
154977	0	0	0	2	2	2	2	2	0	0	2	0	2	2	0	2	2	2	0	0	0	0	2	0	2	0	0	0	0	0	0	0	0	0	0	0	0	0	2	0	0	0	0	2	0	0
155146	0	2	0	2	2	0	0	0	0	0	2	0	0	2	0	2	0	0	0	0	0	0	2	0	2	2	2	0	0	0	0	0	0	0	2	0	0	0	2	0	0	0	0	2	0	0
155115	0	0	2	2	2	2	2	2	0	0	2	0	2	2	0	2	2	0	0	0	2	0	2	2	2	0	0	2	0	0	2	0	0	0	2	0	0	0	2	2	0	0	0	2	0	0
155577	0	0	2	2	2	0	0	2	0	0	0	0	2	2	0	2	0	2	0	0	2	0	2	2	0	2	0	2	0	0	0	0	0	0	2	0	2	0	0	2	0	2	0	2	0	0
155644	0	2	0	2	2	0	2	2	0	0	2	0	0	2	0	0	0	2	0	0	0	0	2	0	0	2	0	0	0	0	0	0	0	0	0	0	0	0	2	0	0	0	0	2	0	0
155622	0	0	2	2	2	2	2	2	0	0	2	0	2	2	0	2	2	2	0	2	0	0	2	2	2	0	0	0	0	0	0	0	0	0	0	0	0	0	2	0	0	0	0	2	0	0
155720	0	2	0	2	2	0	2	2	0	0	2	0	0	2	0	2	2	0	0	0	0	0	2	0	0	0	0	0	0	0	0	0	0	0	0	0	0	0	2	0	0	0	0	2	0	0
155893	0	0	2	2	2	2	2	2	0	2	2	0	0	2	2	0	2	0	0	0	2	0	2	2	2	2	2	0	0	0	0	0	0	2	2	0	0	0	2	2	0	2	0	2	2	2
155880	0	0	0	0	0	0	0	0	0	0	0	0	0	0	0	0	0	0	0	0	0	0	0	0	0	0	0	0	0	0	0	0	0	0	0	0	0	0	2	0	0	0	0	0	0	0
155862	0	0	2	2	2	0	0	0	0	0	2	0	2	2	0	2	2	0	2	0	0	0	0	0	0	0	0	0	0	0	0	0	0	0	0	0	0	0	2	2	0	2	0	2	0	0
155923	0	0	0	0	2	0	2	2	0	0	2	0	0	2	0	2	2	0	2	0	0	0	2	0	0	0	0	0	0	0	0	0	0	0	0	0	0	0	2	0	0	0	0	2	0	0
156079	0	0	0	2	2	2	2	2	0	0	2	0	0	2	0	2	2	2	0	0	0	0	2	2	2	2	0	0	0	0	0	0	0	0	2	0	0	0	2	0	0	2	0	2	0	0
156057	0	0	0	0	0	0	0	0	0	0	0	0	2	2	0	0	0	0	0	0	0	0	0	0	0	0	0	0	0	0	0	0	0	0	0	0	0	0	0	0	0	0	0	0	0	0
156197	0	0	0	0	0	0	0	0	0	0	2	0	2	2	0	0	0	0	0	0	0	0	0	0	0	0	0	0	0	0	0	0	0	0	0	0	0	0	0	0	0	0	0	0	0	0
156171	0	0	0	0	0	0	0	0	0	0	0	0	0	0	0	0	0	0	0	0	0	0	0	0	0	0	0	0	0	0	0	0	0	0	0	0	0	0	2	0	0	0	0	0	0	0
156339	0	2	0	2	2	2	2	2	0	0	2	0	0	2	0	2	2	2	2	0	0	0	2	2	2	0	0	2	0	0	0	0	0	0	2	0	0	2	2	0	0	0	0	2	0	0
156579	0	0	0	0	0	0	0	0	0	0	0	0	2	2	0	0	0	0	0	0	0	0	2	0	0	0	0	0	0	0	0	0	0	0	0	0	0	0	0	0	0	0	0	0	0	0
156809	0	0	2	2	2	0	0	2	0	0	0	0	0	0	0	0	0	2	0	0	0	0	2	2	0	0	0	0	0	0	0	0	0	0	2	0	0	0	0	0	0	0	0	2	0	0
156977	0	0	2	2	2	2	2	2	0	0	2	0	2	2	0	2	2	2	0	0	2	0	2	2	2	2	0	2	0	0	0	0	0	0	2	2	2	0	2	2	0	0	2	2	0	0
156965	0	0	0	0	0	0	0	0	0	0	0	0	0	0	0	2	0	0	0	0	0	0	0	0	0	0	0	0	0	0	0	0	0	0	0	0	0	0	2	0	0	0	0	0	0	0
156956	0	0	0	0	0	0	0	0	0	0	0	0	0	0	0	0	0	0	0	0	0	0	2	0	0	0	0	0	0	0	0	0	0	0	0	0	0	0	0	0	0	0	0	0	0	0
156911	0	2	0	0	2	2	2	2	0	0	2	0	0	2	0	2	2	2	0	2	2	0	2	2	0	0	0	2	0	0	0	0	0	0	0	0	0	0	2	0	0	0	0	2	0	0
157067	0	0	0	0	2	0	0	0	0	0	0	0	0	0	0	0	0	0	0	0	0	0	0	0	0	0	0	0	0	0	0	0	0	0	0	0	0	0	0	0	0	0	0	0	0	0
157637	0	0	2	2	2	0	0	0	0	0	2	0	0	2	0	0	0	2	0	0	0	0	2	0	0	2	0	0	0	0	0	0	0	0	0	0	0	0	0	2	0	0	0	0	0	0
157636	0	0	2	2	2	0	0	0	0	0	2	0	2	2	0	0	0	2	0	0	2	0	0	0	0	2	0	2	0	0	0	0	0	0	0	0	0	0	0	2	0	2	0	0	0	0
157635	0	0	2	2	2	0	0	2	0	0	2	0	2	2	0	0	2	2	0	0	2	0	2	0	0	2	0	2	0	0	0	0	0	2	2	0	0	0	0	2	0	2	0	0	0	0
157634	0	0	2	2	2	0	0	0	0	0	2	0	2	2	0	0	2	2	0	0	2	0	2	0	0	2	0	2	0	0	0	0	0	2	2	0	0	0	0	2	0	2	0	0	0	0
157630	0	0	2	2	2	2	2	2	0	0	2	0	2	2	2	2	0	2	0	0	2	0	2	2	2	2	0	2	0	0	0	0	0	0	2	0	0	0	0	2	0	2	0	2	0	0
157629	0	0	2	2	2	2	2	2	0	0	2	0	2	2	0	2	0	2	2	0	2	0	2	2	0	2	0	2	0	0	0	0	0	0	2	0	0	0	0	2	0	2	0	2	0	0
158717	0	2	0	2	2	0	2	0	2	0	2	0	2	2	0	0	0	2	0	0	2	0	2	0	2	0	0	0	0	0	0	0	0	0	2	0	0	0	2	0	0	2	0	2	0	0
158686	0	2	0	2	2	0	0	0	2	0	2	0	2	2	0	0	0	2	0	0	2	0	0	0	2	0	0	0	0	0	0	0	0	0	2	0	0	0	2	0	0	2	0	2	0	0
159316	2	0	2	2	2	0	2	2	0	2	2	0	2	2	0	2	0	2	2	0	2	0	2	2	0	0	0	2	0	0	0	0	0	0	2	0	0	0	0	0	0	2	0	2	0	0
160084	0	0	2	2	0	0	2	2	0	0	2	0	2	2	0	0	2	2	0	0	0	0	2	2	0	0	0	0	0	0	0	0	0	0	0	0	0	0	2	0	0	0	0	2	0	0
160083	0	0	0	2	2	0	0	0	0	0	2	0	2	2	0	0	0	2	0	0	2	0	2	0	2	0	0	2	0	0	0	0	0	2	2	0	0	0	0	2	0	0	0	0	0	2
160082	0	0	0	2	2	0	0	0	0	0	2	0	0	2	0	2	2	2	0	0	2	0	2	0	0	0	0	2	0	2	2	0	0	2	0	0	0	0	2	0	0	0	0	0	0	0
160081	0	0	0	2	2	0	0	0	0	0	2	0	2	2	0	2	0	2	0	0	0	0	2	0	2	0	0	2	0	0	0	0	0	2	0	0	0	0	0	2	0	0	0	0	0	0
160364	0	0	2	2	2	2	0	0	0	0	2	0	2	2	0	0	0	2	0	0	2	0	2	2	0	0	0	2	0	0	0	0	0	0	2	0	0	0	0	2	0	0	0	0	0	0
