# of predictors,response,mean,std
1,MU:D-arabinose_builds acid from,0.37404182011864845,0.013253668824244473
1,MU:D-arabitol_builds acid from,0.4091939345012972,0.10323138153852755
1,MU:D-fructose_builds acid from,0.7198469566221353,0.031067879446574
1,MU:D-fucose_builds acid from,0.48943776985825743,0.281150114526967
1,MU:D-galactose_builds acid from,0.6008597996547762,0.0806566548320049
1,MU:D-glucose_builds acid from,0.7149262886283324,0.027753503629473514
1,MU:D-lyxose_builds acid from,0.38033119205618593,0.01445326739084135
1,MU:D-mannitol_builds acid from,0.6475054361163202,0.057089943996083414
1,MU:D-mannose_builds acid from,0.7341000974455789,0.03154316181253976
1,MU:D-ribose_builds acid from,0.619418221932381,0.03615313776122984
1,MU:D-sorbitol_builds acid from,0.5077545058132106,0.011490483914973851
1,MU:D-tagatose_builds acid from,0.4981141825260023,0.025899904858712602
1,MU:D-xylose_builds acid from,0.5367421902675289,0.05217554721435508
1,MU:L-arabinose_builds acid from,0.5702230007044584,0.034146495765508725
1,MU:L-arabitol_builds acid from,0.740583944540507,0.3444057228309254
1,MU:L-fucose_builds acid from,0.3708169680985243,0.014993448512478089
1,MU:L-rhamnose_builds acid from,0.41943735457953635,0.022440020393536847
1,MU:L-sorbose_builds acid from,0.3881723831231835,0.013193277167168446
1,MU:L-xylose_builds acid from,0.7152287732951609,0.15559709914157732
1,MU:N-acetylglucosamine_builds acid from,0.6793791360627116,0.03125078934372674
1,MU:Potassium 2-ketogluconate_builds acid from,0.37256489704172535,0.0071715213236708646
1,MU:Potassium 5-ketogluconate_builds acid from,0.6542188058241247,0.018358844359297508
1,MU:amygdalin_builds acid from,0.7651626911817012,0.034921726623742565
1,MU:arbutin_builds acid from,0.8268795956895441,0.027043386665631677
1,MU:erythritol_builds acid from,0.7241611042108457,0.2696019032225376
1,MU:esculin_builds acid from,0.820464623526628,0.019157126855854825
1,MU:galactitol_builds acid from,0.6109085484216733,0.34123393421374093
1,MU:gentiobiose_builds acid from,0.788005228326627,0.03485028121355585
1,MU:gluconate_builds acid from,0.4902924843030235,0.03519180852998465
1,MU:glycerol_builds acid from,0.49190141069087134,0.01282480100969219
1,MU:glycogen_builds acid from,0.5660474698575659,0.0332490622480031
1,MU:inulin_builds acid from,0.4779662526206727,0.006007590087241588
1,MU:lactose_builds acid from,0.5669962124006941,0.08308493680370493
1,MU:maltose_builds acid from,0.7217207810439035,0.02311901565155005
1,MU:melezitose_builds acid from,0.4571999613945933,0.024793178355402047
1,MU:methyl alpha-D-glucopyranoside_builds acid from,0.562187268694533,0.03784682736176905
1,MU:methyl alpha-D-mannoside_builds acid from,0.3864756574569922,0.020308824449071956
1,MU:methyl beta-D-xylopyranoside_builds acid from,0.4162134569909009,0.02746831195096326
1,MU:myo-inositol_builds acid from,0.39457470161237707,0.007465422116192496
1,MU:raffinose_builds acid from,0.5010072845756668,0.0375323533124612
1,MU:ribitol_builds acid from,0.6533321807033701,0.22358021354888175
1,MU:sucrose_builds acid from,0.721618259154728,0.025736980051122405
1,MU:trehalose_builds acid from,0.7860593721089165,0.028736236002682974
1,MU:turanose_builds acid from,0.5717487638302216,0.033468825340256365
1,MU:xylitol_builds acid from,0.3630377698582574,0.010978259139590486
2,MU:D-arabinose_builds acid from,0.7206998153363174,0.1556326983532464
2,MU:D-arabitol_builds acid from,0.7541104155958613,0.037342176944940686
2,MU:D-fructose_builds acid from,0.771922717548844,0.012808642531778653
2,MU:D-fucose_builds acid from,0.6930999856047715,0.19976345837349302
2,MU:D-galactose_builds acid from,0.6638910143278614,0.02847461190474575
2,MU:D-glucose_builds acid from,0.7769438652623244,0.010153988018876875
2,MU:D-lyxose_builds acid from,0.7173794124113068,0.17691369895584827
2,MU:D-mannitol_builds acid from,0.6470522018323317,0.07882107747102865
2,MU:D-mannose_builds acid from,0.7342724010756015,0.007015569045773421
2,MU:D-ribose_builds acid from,0.5840318675151049,0.048845092367712124
2,MU:D-sorbitol_builds acid from,0.5351467630627169,0.06231152504901904
2,MU:D-tagatose_builds acid from,0.6750571520721089,0.04254118037891522
2,MU:D-xylose_builds acid from,0.7379464730026741,0.04249185061869466
2,MU:L-arabinose_builds acid from,0.7202639507576452,0.04328881630786376
2,MU:L-arabitol_builds acid from,0.6163874394319201,0.16896290618000995
2,MU:L-fucose_builds acid from,0.7856195903535196,0.04285939847163508
2,MU:L-rhamnose_builds acid from,0.6228740137847655,0.2037802074496532
2,MU:L-sorbose_builds acid from,0.599276622439978,0.053521013357025894
2,MU:L-xylose_builds acid from,0.7157755122677566,0.03699421941196551
2,MU:N-acetylglucosamine_builds acid from,0.6790385217562706,0.020369340601006716
2,MU:Potassium 2-ketogluconate_builds acid from,0.7936388597565134,0.04470243368822986
2,MU:Potassium 5-ketogluconate_builds acid from,0.5380666128630273,0.12754679404425429
2,MU:amygdalin_builds acid from,0.7651200390175149,0.04479447983327697
2,MU:arbutin_builds acid from,0.8270689086490025,0.01918989800367979
2,MU:erythritol_builds acid from,0.5008885302326136,0.12158881145391752
2,MU:esculin_builds acid from,0.8207233063462651,0.013641801369210255
2,MU:galactitol_builds acid from,0.5191515598203875,0.13838725409287156
2,MU:gentiobiose_builds acid from,0.7874327558469439,0.041472053464781354
2,MU:gluconate_builds acid from,0.5285772489408384,0.06836986582582011
2,MU:glycerol_builds acid from,0.4917463645637019,0.027496420579956823
2,MU:glycogen_builds acid from,0.6133256152175516,0.07469341270846913
2,MU:inulin_builds acid from,0.726414411772289,0.12539020529737427
2,MU:lactose_builds acid from,0.7672320614452393,0.02499413781189483
2,MU:maltose_builds acid from,0.7769156387974487,0.03883520220969839
2,MU:melezitose_builds acid from,0.748062917371527,0.0497776167692859
2,MU:methyl alpha-D-glucopyranoside_builds acid from,0.5454509258550779,0.044039722876945055
2,MU:methyl alpha-D-mannoside_builds acid from,0.7870268842155107,0.0451060876789787
2,MU:methyl beta-D-xylopyranoside_builds acid from,0.8377738168951883,0.02770023792637464
2,MU:myo-inositol_builds acid from,0.6220462318323483,0.2137662721519675
2,MU:ribitol_builds acid from,0.4745115126134638,0.21940215693334142
2,MU:sucrose_builds acid from,0.7834296131197434,0.02866019144114143
2,MU:trehalose_builds acid from,0.7862572549664578,0.025791217081281882
2,MU:turanose_builds acid from,0.6566178952928365,0.07106719491489694
2,MU:xylitol_builds acid from,0.7524532385521547,0.18244236193749014
3,MU:D-arabinose_builds acid from,0.6946004507901113,0.1036663508383524
3,MU:D-arabitol_builds acid from,0.7618615803137783,0.07048620019965901
3,MU:D-fructose_builds acid from,0.7815529660213213,0.01835777181659281
3,MU:D-fucose_builds acid from,0.781161947262028,0.0873610568529413
3,MU:D-galactose_builds acid from,0.7601363972953824,0.062096345723952194
3,MU:D-glucose_builds acid from,0.797352108474396,0.023876792416268194
3,MU:D-lyxose_builds acid from,0.7316410942009564,0.060174750195831475
3,MU:D-mannitol_builds acid from,0.6755993101121636,0.04974149074707185
3,MU:D-mannose_builds acid from,0.7692483337553961,0.030777347495131325
3,MU:D-ribose_builds acid from,0.6589032247893053,0.05407077359288916
3,MU:D-sorbitol_builds acid from,0.6751068161573504,0.08275579459593076
3,MU:D-tagatose_builds acid from,0.6439900861648489,0.12267188642957548
3,MU:D-xylose_builds acid from,0.8064906789207742,0.007021334907032007
3,MU:L-arabitol_builds acid from,0.7879749268246661,0.09590490247656154
3,MU:L-fucose_builds acid from,0.7126049424327763,0.08878854342437476
3,MU:L-rhamnose_builds acid from,0.6457177495203758,0.061450226000013465
3,MU:L-sorbose_builds acid from,0.8191799235631226,0.08349680400195837
3,MU:L-xylose_builds acid from,0.9168879180761428,0.08340817698510833
3,MU:N-acetylglucosamine_builds acid from,0.6193273750636789,0.09288777485269618
3,MU:Potassium 2-ketogluconate_builds acid from,0.6226985196559711,0.12368487681264764
3,MU:Potassium 5-ketogluconate_builds acid from,0.7420387598326661,0.1024254114702339
3,MU:amygdalin_builds acid from,0.7653390991908219,0.040840096817226425
3,MU:arbutin_builds acid from,0.8269498436725569,0.023921235494079693
3,MU:erythritol_builds acid from,0.872705457209735,0.12043178149698311
3,MU:esculin_builds acid from,0.8207356261153048,0.022784204723128285
3,MU:galactitol_builds acid from,0.703335237439856,0.08091267075640603
3,MU:gentiobiose_builds acid from,0.788967043201653,0.03870104061233633
3,MU:gluconate_builds acid from,0.6057794595691808,0.0435712411963722
3,MU:glycerol_builds acid from,0.6424675933407367,0.034950147430430734
3,MU:glycogen_builds acid from,0.7884174937946923,0.05183458768058153
3,MU:inulin_builds acid from,0.7604689980337132,0.039866860574227045
3,MU:maltose_builds acid from,0.7598608766432118,0.04167604115681321
3,MU:melezitose_builds acid from,0.6001316380041721,0.07075176027851855
3,MU:methyl alpha-D-glucopyranoside_builds acid from,0.7340930514101986,0.060775729480636156
3,MU:methyl alpha-D-mannoside_builds acid from,0.7622598491708684,0.10281132826842658
3,MU:methyl beta-D-xylopyranoside_builds acid from,0.8556396138199766,0.017500229237550336
3,MU:myo-inositol_builds acid from,0.7375319888048267,0.01998973485414269
3,MU:raffinose_builds acid from,0.7673402662887481,0.026539064022923047
3,MU:ribitol_builds acid from,0.7441377609111431,0.11253668652132871
3,MU:sucrose_builds acid from,0.7422511188768467,0.014246034539212691
3,MU:trehalose_builds acid from,0.7856749245213858,0.039199348229263964
3,MU:turanose_builds acid from,0.6911337277690355,0.05669573757128823
3,MU:xylitol_builds acid from,0.706378575688496,0.10468016609131423
4,MU:D-arabinose_builds acid from,0.7460837087515778,0.08653553248540558
4,MU:D-arabitol_builds acid from,0.8226635864338523,0.03743417537241614
4,MU:D-fructose_builds acid from,0.8351504665805134,0.05206718609148832
4,MU:D-fucose_builds acid from,0.8591490645849612,0.0751633697903033
4,MU:D-galactose_builds acid from,0.7637212440644348,0.03420686938950443
4,MU:D-glucose_builds acid from,0.8138265394902927,0.07097517884624084
4,MU:D-lyxose_builds acid from,0.7776317462583398,0.051827408531051715
4,MU:D-mannitol_builds acid from,0.7050731231592234,0.046099567462263354
4,MU:D-mannose_builds acid from,0.7176180839394123,0.049047550294911244
4,MU:D-ribose_builds acid from,0.6855448014966641,0.031192323011650182
4,MU:D-sorbitol_builds acid from,0.6475361844082467,0.04446675713988242
4,MU:D-tagatose_builds acid from,0.70109393069664,0.013496844992160662
4,MU:L-arabinose_builds acid from,0.8175052255514815,0.022574168106396637
4,MU:L-arabitol_builds acid from,0.7909350085652461,0.07661631945522171
4,MU:L-fucose_builds acid from,0.8062800827973794,0.06687260269181847
4,MU:L-rhamnose_builds acid from,0.7543574743042616,0.06108116681917682
4,MU:L-sorbose_builds acid from,0.7810807319528761,0.09978418484632168
4,MU:L-xylose_builds acid from,0.9264610281300716,0.0742400033137098
4,MU:N-acetylglucosamine_builds acid from,0.6775699983470578,0.04638610676364464
4,MU:Potassium 2-ketogluconate_builds acid from,0.7638718346156157,0.023991555582538147
4,MU:Potassium 5-ketogluconate_builds acid from,0.7288309776401996,0.07313990440743114
4,MU:amygdalin_builds acid from,0.7897128531285688,0.038753769158948036
4,MU:cellobiose_builds acid from,0.8260381927330649,0.05241460429083171
4,MU:erythritol_builds acid from,0.794372676113482,0.07439055407376793
4,MU:esculin_builds acid from,0.7877418246979623,0.042928499659734
4,MU:galactitol_builds acid from,0.724597336508986,0.06749614015937949
4,MU:gentiobiose_builds acid from,0.7661700036064195,0.03722263024007855
4,MU:gluconate_builds acid from,0.6729797965378373,0.02519536420889312
4,MU:glycerol_builds acid from,0.6743763321211758,0.034044830940562085
4,MU:glycogen_builds acid from,0.7501600085652461,0.023356547502453466
4,MU:inulin_builds acid from,0.7083576711546553,0.07066655496805693
4,MU:maltose_builds acid from,0.7137713815591754,0.057421309501469966
4,MU:melezitose_builds acid from,0.7006267851776162,0.08091060126491575
4,MU:methyl alpha-D-glucopyranoside_builds acid from,0.7532258009256477,0.031615088820869226
4,MU:methyl alpha-D-mannoside_builds acid from,0.8412733012261826,0.03940786551803611
4,MU:methyl beta-D-xylopyranoside_builds acid from,0.857066938149907,0.03686230364595713
4,MU:myo-inositol_builds acid from,0.7342373166736792,0.021954983208127703
4,MU:raffinose_builds acid from,0.7974328432109153,0.041183792963146754
4,MU:ribitol_builds acid from,0.7895852948247881,0.1066226438532207
4,MU:trehalose_builds acid from,0.759991032037026,0.05599750909487151
4,MU:turanose_builds acid from,0.7577326170583639,0.025324030039855276
4,MU:xylitol_builds acid from,0.8345773268918675,0.05584423255507359
5,MU:D-arabinose_builds acid from,0.8160252869154714,0.036878648268478545
5,MU:D-arabitol_builds acid from,0.7789243901764188,0.07243579601374205
5,MU:D-fructose_builds acid from,0.8393001447338166,0.04616516622746498
5,MU:D-fucose_builds acid from,0.8720988120759714,0.0710762345918661
5,MU:D-galactose_builds acid from,0.7671381726139195,0.02799002322523519
5,MU:D-glucose_builds acid from,0.847648242442977,0.03862171759878111
5,MU:D-lyxose_builds acid from,0.7633789096973564,0.09054935695478952
5,MU:D-mannitol_builds acid from,0.7064095041554921,0.042799898816179134
5,MU:D-ribose_builds acid from,0.6697698093081876,0.040715256460474754
5,MU:D-sorbitol_builds acid from,0.7088820958448896,0.050626752510030834
5,MU:D-tagatose_builds acid from,0.7138151624176748,0.024671737839268335
5,MU:L-arabinose_builds acid from,0.775281429515967,0.022236771936315423
5,MU:L-arabitol_builds acid from,0.8430680897712215,0.07443215137133159
5,MU:L-fucose_builds acid from,0.8225668356340952,0.05884121419886204
5,MU:L-rhamnose_builds acid from,0.7645675015813864,0.0854016285408742
5,MU:L-sorbose_builds acid from,0.7861482963484526,0.057838731430960584
5,MU:L-xylose_builds acid from,0.9581852840913969,0.04996702622665049
5,MU:N-acetylglucosamine_builds acid from,0.7652479508763694,0.04483992320912097
5,MU:Potassium 2-ketogluconate_builds acid from,0.8130468424271393,0.020592623560276052
5,MU:Potassium 5-ketogluconate_builds acid from,0.723821736023455,0.058969485900814744
5,MU:amygdalin_builds acid from,0.803667289680393,0.03244942033074315
5,MU:cellobiose_builds acid from,0.8148639816969444,0.03700625651253771
5,MU:erythritol_builds acid from,0.9291666785926568,0.036457398297356614
5,MU:esculin_builds acid from,0.8286150299914802,0.024498243776393962
5,MU:galactitol_builds acid from,0.8614281039297568,0.06350915871613991
5,MU:gentiobiose_builds acid from,0.8036922865557836,0.019547914086575267
5,MU:gluconate_builds acid from,0.6999304476253446,0.05203376624477689
5,MU:glycerol_builds acid from,0.6600036636641794,0.058165430418936084
5,MU:glycogen_builds acid from,0.7988967027976466,0.03145923249438074
5,MU:inulin_builds acid from,0.6602315931882561,0.06726707500291423
5,MU:maltose_builds acid from,0.7102164710327239,0.040320143211718236
5,MU:melezitose_builds acid from,0.6549282484727577,0.06329911466301553
5,MU:methyl alpha-D-glucopyranoside_builds acid from,0.746720591223807,0.043220328858911056
5,MU:methyl alpha-D-mannoside_builds acid from,0.8490162966270438,0.04082810636704774
5,MU:methyl beta-D-xylopyranoside_builds acid from,0.8443101100912005,0.04915324034845185
5,MU:myo-inositol_builds acid from,0.8030989446929822,0.03377648098147386
5,MU:raffinose_builds acid from,0.794350229122123,0.04008396896702718
5,MU:ribitol_builds acid from,0.8578967705372706,0.13216279536246162
5,MU:trehalose_builds acid from,0.7629109338431933,0.05001063636907733
5,MU:turanose_builds acid from,0.7499595947453133,0.02404421598450586
5,MU:xylitol_builds acid from,0.8602110804851684,0.05256406940320055
6,MU:D-arabinose_builds acid from,0.8312233918128655,0.044683180491908114
6,MU:D-arabitol_builds acid from,0.8377831244778614,0.04165091889686175
6,MU:D-fructose_builds acid from,0.8710783625730996,0.04868487583584866
6,MU:D-fucose_builds acid from,0.8884350877192982,0.06905819535190337
6,MU:D-galactose_builds acid from,0.7502583124477862,0.02197851178428785
6,MU:D-glucose_builds acid from,0.8617851294903927,0.024037007504267516
6,MU:D-lyxose_builds acid from,0.8049730994152047,0.058971530670885446
6,MU:D-ribose_builds acid from,0.7029426900584795,0.038303953347307095
6,MU:D-sorbitol_builds acid from,0.7940725146198829,0.0339757989994022
6,MU:D-tagatose_builds acid from,0.7275241436925648,0.04316700938828159
6,MU:L-arabinose_builds acid from,0.7922345864661654,0.02033006528704869
6,MU:L-arabitol_builds acid from,0.8199378446115289,0.08487533177976608
6,MU:L-fucose_builds acid from,0.8518001670843776,0.05684210105903581
6,MU:L-rhamnose_builds acid from,0.7469620718462823,0.045822174884690675
6,MU:L-sorbose_builds acid from,0.8159151211361737,0.03791909089092483
6,MU:L-xylose_builds acid from,0.9717500417710945,0.017309122110254014
6,MU:N-acetylglucosamine_builds acid from,0.7450025062656641,0.022306923958984794
6,MU:Potassium 2-ketogluconate_builds acid from,0.888288053467001,0.05210302181086092
6,MU:Potassium 5-ketogluconate_builds acid from,0.7988925647451964,0.032222824110238184
6,MU:amygdalin_builds acid from,0.8003435254803677,0.03619866389529748
6,MU:cellobiose_builds acid from,0.8403675856307435,0.05715932503917087
6,MU:erythritol_builds acid from,0.907462656641604,0.06897678907372146
6,MU:esculin_builds acid from,0.8186212197159566,0.03680838824128448
6,MU:galactitol_builds acid from,0.8757039264828739,0.03269173279035586
6,MU:gentiobiose_builds acid from,0.7953256474519632,0.031363968748766964
6,MU:gluconate_builds acid from,0.6964591478696742,0.023646609868012435
6,MU:glycerol_builds acid from,0.6871405179615706,0.04709322355956079
6,MU:glycogen_builds acid from,0.7840274018379281,0.05587649737527332
6,MU:inulin_builds acid from,0.6880668337510444,0.042576793406597487
6,MU:maltose_builds acid from,0.7416681704260653,0.056859553197915795
6,MU:melezitose_builds acid from,0.7247017543859648,0.02136370149847049
6,MU:methyl alpha-D-glucopyranoside_builds acid from,0.7446556390977443,0.03470045606884
6,MU:methyl alpha-D-mannoside_builds acid from,0.8200414369256475,0.06648980073566757
6,MU:methyl beta-D-xylopyranoside_builds acid from,0.8584688387635756,0.0694018557439953
6,MU:myo-inositol_builds acid from,0.8107555555555555,0.029886443349698397
6,MU:raffinose_builds acid from,0.8124190476190478,0.04430632961599636
6,MU:ribitol_builds acid from,0.7807385129490394,0.1397494640274872
6,MU:trehalose_builds acid from,0.7951966583124477,0.03351801633179621
6,MU:turanose_builds acid from,0.7699034252297411,0.03567657094751768
6,MU:xylitol_builds acid from,0.9158803675856309,0.057762194183433126
7,MU:D-arabinose_builds acid from,0.8521653543307087,0.036829966914089456
7,MU:D-arabitol_builds acid from,0.8537524606299212,0.03285435107261606
7,MU:D-fructose_builds acid from,0.8616633858267715,0.034875208485904995
7,MU:D-fucose_builds acid from,0.9025344488188978,0.030204720897470328
7,MU:D-galactose_builds acid from,0.7359005905511811,0.031164098952093485
7,MU:D-glucose_builds acid from,0.8726254921259843,0.03674142570655995
7,MU:D-lyxose_builds acid from,0.8442544291338583,0.04457511922761336
7,MU:D-mannose_builds acid from,0.7672121062992125,0.05363553096829847
7,MU:D-sorbitol_builds acid from,0.806619094488189,0.05143249251879911
7,MU:D-tagatose_builds acid from,0.7562253937007875,0.05568664290562095
7,MU:L-arabinose_builds acid from,0.8270792322834646,0.030713365927273893
7,MU:L-arabitol_builds acid from,0.8741879921259841,0.026831530513666393
7,MU:L-fucose_builds acid from,0.8694020669291339,0.04388884574892008
7,MU:L-rhamnose_builds acid from,0.816031003937008,0.009122974167904464
7,MU:L-sorbose_builds acid from,0.8522145669291337,0.031110965432775306
7,MU:L-xylose_builds acid from,0.981126968503937,0.008988711750725364
7,MU:Potassium 2-ketogluconate_builds acid from,0.9403420275590552,0.044798342484615616
7,MU:Potassium 5-ketogluconate_builds acid from,0.8269685039370079,0.07649480670549409
7,MU:amygdalin_builds acid from,0.768873031496063,0.03173206251083178
7,MU:cellobiose_builds acid from,0.8097317913385826,0.04777540482496781
7,MU:erythritol_builds acid from,0.8789616141732284,0.027973423188243484
7,MU:esculin_builds acid from,0.8129183070866143,0.019262897970249052
7,MU:galactitol_builds acid from,0.9214320866141732,0.03412606289949205
7,MU:gentiobiose_builds acid from,0.7782972440944882,0.022590941327803534
7,MU:gluconate_builds acid from,0.7311023622047245,0.03856459483069857
7,MU:glycerol_builds acid from,0.7374630905511811,0.025266143555249105
7,MU:glycogen_builds acid from,0.7626230314960629,0.035397553352136034
7,MU:inulin_builds acid from,0.7342642716535434,0.05152303614483956
7,MU:maltose_builds acid from,0.80970718503937,0.054534527711147085
7,MU:melezitose_builds acid from,0.7280265748031496,0.06038550768945168
7,MU:methyl alpha-D-glucopyranoside_builds acid from,0.7531373031496063,0.02534426422288478
7,MU:methyl alpha-D-mannoside_builds acid from,0.8489419291338581,0.06051251322761487
7,MU:methyl beta-D-xylopyranoside_builds acid from,0.885199311023622,0.03329816245393555
7,MU:myo-inositol_builds acid from,0.8034325787401574,0.03403738104345801
7,MU:raffinose_builds acid from,0.8097563976377954,0.028531226761615805
7,MU:ribitol_builds acid from,0.8804010826771653,0.07170320027836129
7,MU:trehalose_builds acid from,0.8034571850393701,0.01365552618567764
7,MU:turanose_builds acid from,0.7452509842519686,0.047955429846788585
7,MU:xylitol_builds acid from,0.94810531496063,0.030306780728009748
8,MU:D-arabinose_builds acid from,0.877225346831646,0.02418805730013089
8,MU:D-arabitol_builds acid from,0.8603499562554682,0.03963891445996501
8,MU:D-fructose_builds acid from,0.8712430176997106,0.019711943455409026
8,MU:D-fucose_builds acid from,0.9417742013017604,0.03213554531273383
8,MU:D-galactose_builds acid from,0.7107298126195765,0.036251232519958126
8,MU:D-glucose_builds acid from,0.8915575937623181,0.02612909659626108
8,MU:D-lyxose_builds acid from,0.8631713343524368,0.034474984414292004
8,MU:D-mannose_builds acid from,0.7891588551431072,0.03046764796226607
8,MU:D-sorbitol_builds acid from,0.8130047205637757,0.0521191099638372
8,MU:D-tagatose_builds acid from,0.753072404410987,0.03939890543747978
8,MU:L-arabinose_builds acid from,0.8253612529203082,0.028801807615197877
8,MU:L-arabitol_builds acid from,0.9339330660590504,0.07570121926206282
8,MU:L-fucose_builds acid from,0.9070512339803679,0.03563391544506098
8,MU:L-rhamnose_builds acid from,0.8475323276898081,0.016614489783910422
8,MU:L-sorbose_builds acid from,0.8694115158682088,0.03647336027661232
8,MU:L-xylose_builds acid from,0.9889752242508149,0.004369914391796858
8,MU:Potassium 2-ketogluconate_builds acid from,0.9700514358782076,0.01426214691769161
8,MU:Potassium 5-ketogluconate_builds acid from,0.8377870073933066,0.05211591862882562
8,MU:amygdalin_builds acid from,0.8128082066664744,0.02818455555658492
8,MU:cellobiose_builds acid from,0.8364450597521464,0.0241527334187582
8,MU:erythritol_builds acid from,0.9171963119994615,0.061972110343617506
8,MU:esculin_builds acid from,0.8397661830732698,0.02309189461429496
8,MU:galactitol_builds acid from,0.9228265697557037,0.036285044988611584
8,MU:gluconate_builds acid from,0.768587580398604,0.044333691728473144
8,MU:glycerol_builds acid from,0.7388139944045455,0.053694739426933584
8,MU:glycogen_builds acid from,0.7938015440377645,0.04987531623805785
8,MU:inulin_builds acid from,0.7530610596752328,0.04565002552207448
8,MU:maltose_builds acid from,0.7924209473815773,0.046554646732117955
8,MU:melezitose_builds acid from,0.7448905425283379,0.07388635864794373
8,MU:methyl alpha-D-glucopyranoside_builds acid from,0.7857673560035765,0.0391716753572724
8,MU:methyl alpha-D-mannoside_builds acid from,0.8802761193312374,0.040345838432033015
8,MU:methyl beta-D-xylopyranoside_builds acid from,0.8729620335919549,0.05297190324030874
8,MU:myo-inositol_builds acid from,0.825361252920308,0.03245706079554606
8,MU:raffinose_builds acid from,0.7796521588647572,0.06506734606200275
8,MU:ribitol_builds acid from,0.8618282330093354,0.04933215676004085
8,MU:trehalose_builds acid from,0.7876715410573678,0.007517478325336275
8,MU:turanose_builds acid from,0.7293015296164903,0.05228914143409336
8,MU:xylitol_builds acid from,0.9560939497947372,0.03242329846894902
9,MU:D-arabinose_builds acid from,0.8868376659906441,0.027171305760801
9,MU:D-arabitol_builds acid from,0.8762152146333022,0.043387625953097586
9,MU:D-fructose_builds acid from,0.8820470656057229,0.017588958560866775
9,MU:D-fucose_builds acid from,0.9589775899581845,0.020588090272661334
9,MU:D-galactose_builds acid from,0.7613164385832417,0.02251275694132304
9,MU:D-glucose_builds acid from,0.8868352103029371,0.022076738972532796
9,MU:D-lyxose_builds acid from,0.8852375066010421,0.02465750699709402
9,MU:D-sorbitol_builds acid from,0.8398658127650748,0.023522857966453203
9,MU:D-tagatose_builds acid from,0.7786346260217287,0.055975870048196895
9,MU:L-arabinose_builds acid from,0.8051910330470218,0.031074608872205558
9,MU:L-arabitol_builds acid from,0.9416534836493273,0.01831059634417701
9,MU:L-fucose_builds acid from,0.9116504493778503,0.023323692411117626
9,MU:L-rhamnose_builds acid from,0.8408853504279357,0.02660631791748103
9,MU:L-sorbose_builds acid from,0.8642248199905511,0.023898381558225636
9,MU:L-xylose_builds acid from,0.987366272811105,0.004470742864192205
9,MU:N-acetylglucosamine_builds acid from,0.7472808941785104,0.023098283711926803
9,MU:Potassium 2-ketogluconate_builds acid from,0.9479711417564645,0.02344215659706267
9,MU:Potassium 5-ketogluconate_builds acid from,0.8560723164019841,0.03123138081341816
9,MU:amygdalin_builds acid from,0.8493899763204453,0.02599432238363343
9,MU:cellobiose_builds acid from,0.8519820996442758,0.019132469268922477
9,MU:erythritol_builds acid from,0.9528348147755838,0.026136769090843674
9,MU:esculin_builds acid from,0.8599376243189194,0.013937048508599698
9,MU:galactitol_builds acid from,0.9169398134992937,0.02365492542143222
9,MU:gluconate_builds acid from,0.7646979409221077,0.04828645782791357
9,MU:glycerol_builds acid from,0.7263274708046812,0.05252169346899568
9,MU:glycogen_builds acid from,0.7950120541029906,0.044423390326728276
9,MU:inulin_builds acid from,0.7777748428258036,0.024223454717448207
9,MU:maltose_builds acid from,0.7954708404396393,0.015197175725055691
9,MU:melezitose_builds acid from,0.7885052213761952,0.04119380881731059
9,MU:methyl alpha-D-mannoside_builds acid from,0.8959086067481813,0.017197017474291684
9,MU:methyl beta-D-xylopyranoside_builds acid from,0.8832492779207813,0.017220008366707035
9,MU:myo-inositol_builds acid from,0.864575565168054,0.027385997215424777
9,MU:raffinose_builds acid from,0.8412714181619473,0.032419470402857545
9,MU:ribitol_builds acid from,0.8545857751436096,0.041065910772067005
9,MU:trehalose_builds acid from,0.8015904835380393,0.023584757645549324
9,MU:turanose_builds acid from,0.7831209026967612,0.05866501795307945
9,MU:xylitol_builds acid from,0.9261528132123505,0.02776006245926973
10,MU:D-arabinose_builds acid from,0.9072840894888138,0.017563968267719814
10,MU:D-arabitol_builds acid from,0.9133402555449799,0.019977822608221157
10,MU:D-fructose_builds acid from,0.888567006047321,0.023019980197032237
10,MU:D-fucose_builds acid from,0.9668393373905186,0.018251949185427663
10,MU:D-galactose_builds acid from,0.7450972474594522,0.022981373725989226
10,MU:D-glucose_builds acid from,0.9121436743483986,0.02544168078197815
10,MU:D-lyxose_builds acid from,0.8944016613307951,0.03725065722224161
10,MU:D-sorbitol_builds acid from,0.853673675405959,0.01322546174266404
10,MU:D-tagatose_builds acid from,0.7881212925307414,0.05781687663395141
10,MU:L-arabinose_builds acid from,0.8160191514522224,0.024120202239921496
10,MU:L-arabitol_builds acid from,0.9542034168805822,0.02218400264206685
10,MU:L-fucose_builds acid from,0.9198098314633747,0.019599621113673093
10,MU:L-rhamnose_builds acid from,0.856701758434042,0.03710229749558573
10,MU:L-sorbose_builds acid from,0.8849778393085479,0.03067524713652445
10,MU:L-xylose_builds acid from,0.9889502273754243,0.012056979681968168
10,MU:Potassium 2-ketogluconate_builds acid from,0.9653860575120419,0.01734784341623603
10,MU:Potassium 5-ketogluconate_builds acid from,0.8866741657292838,0.017283408428485133
10,MU:amygdalin_builds acid from,0.8508659494486267,0.025903779916608864
10,MU:cellobiose_builds acid from,0.8553473123551865,0.016284634932805055
10,MU:erythritol_builds acid from,0.9496857123628777,0.011943559608736342
10,MU:esculin_builds acid from,0.861572688029381,0.030694739131835992
10,MU:galactitol_builds acid from,0.949699364502514,0.014272422756277566
10,MU:gluconate_builds acid from,0.7778671896782133,0.0477905451976697
10,MU:glycerol_builds acid from,0.7451585859459875,0.037011662307675254
10,MU:glycogen_builds acid from,0.8077419168757751,0.05633263310085446
10,MU:inulin_builds acid from,0.7654504725370866,0.03044214377532757
10,MU:maltose_builds acid from,0.8034832184438484,0.022690639031213287
10,MU:melezitose_builds acid from,0.7861069289415747,0.022448765776016448
10,MU:methyl alpha-D-mannoside_builds acid from,0.9260375145414516,0.015680968053656916
10,MU:methyl beta-D-xylopyranoside_builds acid from,0.8961252920308038,0.02245234226807055
10,MU:myo-inositol_builds acid from,0.881950909982406,0.027246186948941986
10,MU:raffinose_builds acid from,0.8286448809283457,0.025411891936396133
10,MU:ribitol_builds acid from,0.8990545412592656,0.03990619822919025
10,MU:trehalose_builds acid from,0.8063874707969196,0.029817287839366567
10,MU:turanose_builds acid from,0.7769386518992818,0.04331456709898624
10,MU:xylitol_builds acid from,0.966852989530155,0.015248542008045804
11,MU:D-arabinose_builds acid from,0.9245447834645668,0.01802671738208364
11,MU:D-arabitol_builds acid from,0.9134719488188978,0.021721401395846825
11,MU:D-fructose_builds acid from,0.9040477362204724,0.024666526317784952
11,MU:D-fucose_builds acid from,0.9795767716535433,0.01188512271233596
11,MU:D-galactose_builds acid from,0.7578494094488188,0.020540070499702356
11,MU:D-glucose_builds acid from,0.9119217519685039,0.013124669928225245
11,MU:D-lyxose_builds acid from,0.919771161417323,0.021974145050195747
11,MU:D-sorbitol_builds acid from,0.8239173228346456,0.028561119883070762
11,MU:D-tagatose_builds acid from,0.81126968503937,0.03802210706597222
11,MU:L-arabinose_builds acid from,0.8349409448818896,0.04739201335146949
11,MU:L-arabitol_builds acid from,0.9748277559055119,0.01410619280008253
11,MU:L-fucose_builds acid from,0.919783464566929,0.02921836143464056
11,MU:L-rhamnose_builds acid from,0.8647883858267716,0.023155102832017934
11,MU:L-sorbose_builds acid from,0.9480930118110237,0.010656296167605894
11,MU:L-xylose_builds acid from,0.9874138779527559,0.004329677450821366
11,MU:Potassium 2-ketogluconate_builds acid from,0.9685531496062992,0.012450398363098254
11,MU:Potassium 5-ketogluconate_builds acid from,0.9040969488188976,0.010149352752375886
11,MU:amygdalin_builds acid from,0.8269931102362206,0.03589826308074435
11,MU:cellobiose_builds acid from,0.8474655511811024,0.027165231744702284
11,MU:erythritol_builds acid from,0.9842642716535434,0.00965624827881924
11,MU:esculin_builds acid from,0.8490772637795274,0.027341919689545992
11,MU:galactitol_builds acid from,0.9748154527559055,0.014104395315073699
11,MU:gluconate_builds acid from,0.7719980314960629,0.04024149410907477
11,MU:glycerol_builds acid from,0.7657234251968503,0.028594224287486446
11,MU:inulin_builds acid from,0.8317421259842519,0.018321699040872583
11,MU:maltose_builds acid from,0.8018700787401574,0.01899504301451623
11,MU:melezitose_builds acid from,0.8396284448818896,0.02973018617359095
11,MU:methyl alpha-D-glucopyranoside_builds acid from,0.8175935039370078,0.040769638003304846
11,MU:methyl alpha-D-mannoside_builds acid from,0.9119217519685039,0.01721212388769483
11,MU:methyl beta-D-xylopyranoside_builds acid from,0.9166830708661419,0.016206195101149446
11,MU:myo-inositol_builds acid from,0.8899729330708661,0.030296352896412068
11,MU:raffinose_builds acid from,0.8239419291338581,0.046545109345538856
11,MU:ribitol_builds acid from,0.9528051181102363,0.02231480686172768
11,MU:trehalose_builds acid from,0.8286048228346455,0.055828386581254
11,MU:xylitol_builds acid from,0.9874138779527559,0.007053096400041257
12,MU:D-arabinose_builds acid from,0.9403051181102363,0.019440222226597106
12,MU:D-arabitol_builds acid from,0.9292076771653542,0.02018384095925801
12,MU:D-fructose_builds acid from,0.9009842519685041,0.026807092107134205
12,MU:D-fucose_builds acid from,0.9843011811023622,0.009543311350080918
12,MU:D-galactose_builds acid from,0.7704847440944882,0.029169428920482913
12,MU:D-glucose_builds acid from,0.9229699803149606,0.028005290049220654
12,MU:D-lyxose_builds acid from,0.9276820866141732,0.022506425675174274
12,MU:D-sorbitol_builds acid from,0.8333292322834647,0.019640563221351014
12,MU:D-tagatose_builds acid from,0.8222933070866143,0.05892795117244332
12,MU:L-arabinose_builds acid from,0.8363927165354331,0.044244869816293504
12,MU:L-arabitol_builds acid from,0.9795644685039371,0.008961938805645338
12,MU:L-fucose_builds acid from,0.9324434055118109,0.02620832222836373
12,MU:L-rhamnose_builds acid from,0.8710506889763779,0.02714512293767219
12,MU:L-sorbose_builds acid from,0.9418430118110237,0.0141835893221479
12,MU:L-xylose_builds acid from,0.9890009842519685,0.004279303561168346
12,MU:Potassium 2-ketogluconate_builds acid from,0.9795398622047244,0.008999356577710182
12,MU:Potassium 5-ketogluconate_builds acid from,0.9151205708661416,0.0126728711812582
12,MU:amygdalin_builds acid from,0.8317667322834646,0.030245185784456237
12,MU:cellobiose_builds acid from,0.8443036417322836,0.02826921380022506
12,MU:erythritol_builds acid from,0.9763902559055119,0.01576342693728732
12,MU:esculin_builds acid from,0.8427534448818896,0.011352314214446128
12,MU:galactitol_builds acid from,0.9748523622047245,0.010229238419825676
12,MU:glycerol_builds acid from,0.7861220472440944,0.04349068544389064
12,MU:inulin_builds acid from,0.8239050196850395,0.024589822854785188
12,MU:maltose_builds acid from,0.8223056102362204,0.05099094492948105
12,MU:melezitose_builds acid from,0.8443897637795276,0.033696078530764055
12,MU:methyl alpha-D-glucopyranoside_builds acid from,0.8081569881889763,0.015614073501476842
12,MU:methyl alpha-D-mannoside_builds acid from,0.9244955708661419,0.027130174521253585
12,MU:methyl beta-D-xylopyranoside_builds acid from,0.9119094488188976,0.03129936735464142
12,MU:myo-inositol_builds acid from,0.8961737204724409,0.03326587146682536
12,MU:raffinose_builds acid from,0.8207062007874016,0.04383107342513337
12,MU:ribitol_builds acid from,0.959128937007874,0.015108448054785614
12,MU:trehalose_builds acid from,0.8018454724409448,0.024876043620898455
12,MU:xylitol_builds acid from,0.9889886811023623,0.004324080160135325
13,MU:D-arabinose_builds acid from,0.9386564960629922,0.011791655913401151
13,MU:D-arabitol_builds acid from,0.9308562992125985,0.019370331303167454
13,MU:D-fructose_builds acid from,0.9104084645669293,0.02249297060664075
13,MU:D-fucose_builds acid from,0.9905634842519685,0.0035283451127087863
13,MU:D-glucose_builds acid from,0.9276574803149608,0.023276050374774582
13,MU:D-lyxose_builds acid from,0.9261564960629922,0.02090818832774445
13,MU:D-sorbitol_builds acid from,0.8443405511811024,0.024509899751842555
13,MU:D-tagatose_builds acid from,0.831779035433071,0.021073413448903972
13,MU:L-arabinose_builds acid from,0.8474778543307087,0.03636916947369588
13,MU:L-arabitol_builds acid from,0.982689468503937,0.006609952285673148
13,MU:L-fucose_builds acid from,0.95123031496063,0.015216564082033977
13,MU:L-rhamnose_builds acid from,0.8726993110236221,0.030811088317272466
13,MU:L-sorbose_builds acid from,0.9528420275590552,0.01106083257015359
13,MU:L-xylose_builds acid from,0.9937130905511811,0.0035145901668082826
13,MU:Potassium 2-ketogluconate_builds acid from,0.9764025590551182,0.011157403430863872
13,MU:Potassium 5-ketogluconate_builds acid from,0.9198449803149608,0.027905444588845262
13,MU:amygdalin_builds acid from,0.827017716535433,0.02447430146823124
13,MU:cellobiose_builds acid from,0.8443528543307085,0.0554584239851983
13,MU:erythritol_builds acid from,0.9827140748031497,0.010238445740198084
13,MU:esculin_builds acid from,0.8538139763779528,0.022290169970125968
13,MU:galactitol_builds acid from,0.9779773622047244,0.012953411246674623
13,MU:glycerol_builds acid from,0.7971210629921259,0.034799649504340724
13,MU:inulin_builds acid from,0.8490034448818898,0.03472507037065526
13,MU:maltose_builds acid from,0.8302903543307087,0.038836232037230224
13,MU:melezitose_builds acid from,0.8616510826771654,0.027503318765896678
13,MU:methyl alpha-D-glucopyranoside_builds acid from,0.8050319881889763,0.02320911808508161
13,MU:methyl alpha-D-mannoside_builds acid from,0.9324557086614174,0.02728443610787398
13,MU:methyl beta-D-xylopyranoside_builds acid from,0.9119217519685039,0.017212123887694847
13,MU:myo-inositol_builds acid from,0.9041215551181103,0.020134528151520902
13,MU:raffinose_builds acid from,0.8175935039370078,0.022003659398286562
13,MU:ribitol_builds acid from,0.9748400590551182,0.003542901230310556
13,MU:trehalose_builds acid from,0.8207923228346455,0.02933876859413898
13,MU:xylitol_builds acid from,0.9858759842519685,0.010162729256313568
14,MU:D-arabinose_builds acid from,0.9465551181102363,0.017003647130778482
14,MU:D-arabitol_builds acid from,0.9339689960629922,0.008908066564537884
14,MU:D-fructose_builds acid from,0.9024852362204724,0.028818220704502934
14,MU:D-fucose_builds acid from,0.9889886811023623,0.004324080160135325
14,MU:D-glucose_builds acid from,0.9386564960629921,0.017147695448096495
14,MU:D-lyxose_builds acid from,0.9481299212598426,0.018053714004968007
14,MU:D-sorbitol_builds acid from,0.8632381889763779,0.029568745881360388
14,MU:D-tagatose_builds acid from,0.8475516732283463,0.029209047892697522
14,MU:L-arabinose_builds acid from,0.8223425196850392,0.04603154000579775
14,MU:L-arabitol_builds acid from,0.9905634842519685,0.003528345112708771
14,MU:L-fucose_builds acid from,0.9607160433070867,0.012314494031606199
14,MU:L-rhamnose_builds acid from,0.882111220472441,0.021981084053791823
14,MU:L-sorbose_builds acid from,0.9512549212598426,0.010281929902985803
14,MU:L-xylose_builds acid from,0.9937130905511811,0.0035145901668082826
14,MU:Potassium 2-ketogluconate_builds acid from,0.9779773622047244,0.006617447765187123
14,MU:Potassium 5-ketogluconate_builds acid from,0.9197711614173227,0.03458127349722522
14,MU:amygdalin_builds acid from,0.855302657480315,0.02156670537730551
14,MU:cellobiose_builds acid from,0.8380413385826773,0.012075151178910871
14,MU:erythritol_builds acid from,0.974876968503937,0.015011960125568024
14,MU:esculin_builds acid from,0.8679379921259842,0.028520441645860473
14,MU:galactitol_builds acid from,0.9795521653543308,0.0070635509576454925
14,MU:glycerol_builds acid from,0.7798597440944881,0.02740606316279365
14,MU:inulin_builds acid from,0.8522145669291339,0.009994520206386531
14,MU:maltose_builds acid from,0.8569143700787402,0.03360832261334152
14,MU:melezitose_builds acid from,0.8757874015748032,0.0263404657825232
14,MU:methyl alpha-D-mannoside_builds acid from,0.9402682086614174,0.006827139549665451
14,MU:methyl beta-D-xylopyranoside_builds acid from,0.9197957677165354,0.01039601581689963
14,MU:myo-inositol_builds acid from,0.9213828740157481,0.02156563501840322
14,MU:raffinose_builds acid from,0.819205216535433,0.044758995232201594
14,MU:ribitol_builds acid from,0.9748646653543307,0.010160681073496868
14,MU:trehalose_builds acid from,0.8349040354330708,0.0338723494803735
14,MU:xylitol_builds acid from,0.9905634842519685,0.003528345112708771
15,MU:D-arabinose_builds acid from,0.9513041338582677,0.01855460177800224
15,MU:D-arabitol_builds acid from,0.9371186023622047,0.01465885554792832
15,MU:D-fructose_builds acid from,0.9024852362204724,0.04879029559840404
15,MU:D-fucose_builds acid from,0.9905634842519685,0.0035283451127087785
15,MU:D-glucose_builds acid from,0.9386934055118111,0.01873089374279024
15,MU:D-lyxose_builds acid from,0.9528297244094489,0.011136763180957805
15,MU:D-sorbitol_builds acid from,0.8694881889763779,0.0282156045875449
15,MU:D-tagatose_builds acid from,0.8395669291338583,0.03439252994026797
15,MU:L-arabinose_builds acid from,0.8427411417322835,0.03746954460328139
15,MU:L-arabitol_builds acid from,0.9921382874015748,2.7510678857030112e-05
15,MU:L-fucose_builds acid from,0.9591166338582677,0.01515458899876771
15,MU:L-rhamnose_builds acid from,0.9150713582677165,0.025226692489959218
15,MU:L-sorbose_builds acid from,0.9575787401574803,0.011730780567482495
15,MU:L-xylose_builds acid from,0.9921382874015748,2.7510678857030112e-05
15,MU:Potassium 2-ketogluconate_builds acid from,0.9795644685039371,0.008961938805645367
15,MU:Potassium 5-ketogluconate_builds acid from,0.9245693897637794,0.026851902350164204
15,MU:amygdalin_builds acid from,0.847490157480315,0.01307657548323158
15,MU:cellobiose_builds acid from,0.8521161417322836,0.057604497401949846
15,MU:erythritol_builds acid from,0.9874138779527559,0.004329677450821372
15,MU:esculin_builds acid from,0.8632258858267716,0.03167826896784114
15,MU:galactitol_builds acid from,0.9764271653543307,0.012411432933482555
15,MU:inulin_builds acid from,0.8679502952755905,0.01677946195127016
15,MU:maltose_builds acid from,0.8459153543307085,0.02049307381305085
15,MU:melezitose_builds acid from,0.8742741141732283,0.02622795174921866
15,MU:methyl alpha-D-mannoside_builds acid from,0.9480807086614174,0.023412218084558113
15,MU:methyl beta-D-xylopyranoside_builds acid from,0.9135211614173228,0.00787982876285019
15,MU:myo-inositol_builds acid from,0.9323941929133859,0.016303065978240328
15,MU:raffinose_builds acid from,0.8395669291338583,0.02436893386444868
15,MU:ribitol_builds acid from,0.9748400590551182,0.008634365820833873
15,MU:trehalose_builds acid from,0.8300812007874014,0.054688302674286184
15,MU:xylitol_builds acid from,0.9921382874015748,2.7510678857030112e-05
16,MU:D-arabinose_builds acid from,0.9528297244094489,0.015748896537511162
16,MU:D-arabitol_builds acid from,0.9402312992125985,0.01326471251097987
16,MU:D-fructose_builds acid from,0.9025221456692913,0.03588650747086254
16,MU:D-fucose_builds acid from,0.9905634842519685,0.0035283451127087785
16,MU:D-glucose_builds acid from,0.9481545275590552,0.02448351501477601
16,MU:D-lyxose_builds acid from,0.94654281496063,0.01706161201815778
16,MU:D-sorbitol_builds acid from,0.8710506889763779,0.022110115406762262
16,MU:D-tagatose_builds acid from,0.8695127952755903,0.02323237330386393
16,MU:L-arabinose_builds acid from,0.8379798228346456,0.0520107628123722
16,MU:L-arabitol_builds acid from,0.9889886811023623,0.007049661781348075
16,MU:L-fucose_builds acid from,0.9559670275590552,0.021291932511897944
16,MU:L-rhamnose_builds acid from,0.8867987204724409,0.015283686327848793
16,MU:L-sorbose_builds acid from,0.9606791338582678,0.018492742991186802
16,MU:L-xylose_builds acid from,0.9937130905511811,0.0035145901668082826
16,MU:Potassium 2-ketogluconate_builds acid from,0.9764148622047244,0.005568381590478932
16,MU:Potassium 5-ketogluconate_builds acid from,0.9276820866141732,0.020335658599410295
16,MU:amygdalin_builds acid from,0.8380536417322835,0.016275746356105333
16,MU:cellobiose_builds acid from,0.848929625984252,0.06127562015691224
16,MU:erythritol_builds acid from,0.9858636811023622,0.006521887885687758
16,MU:esculin_builds acid from,0.8568897637795276,0.02766080765705438
16,MU:galactitol_builds acid from,0.9748277559055119,0.010294876847866067
16,MU:inulin_builds acid from,0.8600885826771654,0.03297042096292248
16,MU:melezitose_builds acid from,0.8695004921259842,0.03411999676046724
16,MU:methyl alpha-D-mannoside_builds acid from,0.9512795275590552,0.012804736054387466
16,MU:methyl beta-D-xylopyranoside_builds acid from,0.9135334645669291,0.012337059567866121
16,MU:myo-inositol_builds acid from,0.9323818897637797,0.01199213180057874
16,MU:raffinose_builds acid from,0.8286294291338582,0.013860605161524825
16,MU:ribitol_builds acid from,0.9717027559055118,0.007016032199499646
16,MU:trehalose_builds acid from,0.8505905511811023,0.03538108610038005
16,MU:xylitol_builds acid from,0.9905634842519685,0.003528345112708771
17,MU:D-arabinose_builds acid from,0.9559916338582678,0.010452935759329462
17,MU:D-arabitol_builds acid from,0.9496555118110235,0.01982266115461776
17,MU:D-fructose_builds acid from,0.9009350393700789,0.029282323153805606
17,MU:D-fucose_builds acid from,0.9874261811023622,0.007029180333616589
17,MU:D-glucose_builds acid from,0.9434670275590552,0.029364412003491908
17,MU:D-lyxose_builds acid from,0.9590920275590552,0.015198872031662689
17,MU:D-sorbitol_builds acid from,0.8679379921259842,0.010020686886240929
17,MU:D-tagatose_builds acid from,0.8993479330708662,0.016287646245645177
17,MU:L-arabinose_builds acid from,0.8364542322834645,0.0337188123187939
17,MU:L-arabitol_builds acid from,0.9890009842519685,0.004279303561168333
17,MU:L-fucose_builds acid from,0.9638656496062993,0.011771516983726499
17,MU:L-rhamnose_builds acid from,0.9103469488188976,0.029864600072654804
17,MU:L-sorbose_builds acid from,0.9606914370078741,0.01473157679738141
17,MU:L-xylose_builds acid from,0.9921259842519685,0.005567769930602722
17,MU:Potassium 2-ketogluconate_builds acid from,0.9811392716535433,0.008953827916902737
17,MU:Potassium 5-ketogluconate_builds acid from,0.9323449803149607,0.017377540097960876
17,MU:amygdalin_builds acid from,0.8570004921259843,0.029507675084064395
17,MU:cellobiose_builds acid from,0.8506766732283465,0.023814286687856945
17,MU:erythritol_builds acid from,0.9905757874015748,0.003466345535986385
17,MU:esculin_builds acid from,0.8678641732283465,0.02831007925273567
17,MU:galactitol_builds acid from,0.9779773622047244,0.010285462504196314
17,MU:inulin_builds acid from,0.8568897637795276,0.01732395307771013
17,MU:melezitose_builds acid from,0.8820620078740158,0.041334518043984934
17,MU:methyl alpha-D-mannoside_builds acid from,0.9512426181102362,0.017996463364889966
17,MU:methyl beta-D-xylopyranoside_builds acid from,0.930794783464567,0.013057143195925956
17,MU:myo-inositol_builds acid from,0.9339812992125983,0.011781381973082468
17,MU:ribitol_builds acid from,0.9748523622047245,0.00652971627633159
17,MU:trehalose_builds acid from,0.8349409448818896,0.041085299238336204
17,MU:xylitol_builds acid from,0.9921382874015748,2.7510678857030112e-05
18,MU:D-arabinose_builds acid from,0.9528420275590552,0.007768004450611723
18,MU:D-arabitol_builds acid from,0.9496678149606298,0.016380316542361956
18,MU:D-fructose_builds acid from,0.8993110236220472,0.0327986369991373
18,MU:D-fucose_builds acid from,0.9905757874015748,0.0034663455359864007
18,MU:D-glucose_builds acid from,0.9386564960629922,0.024577308216765854
18,MU:D-lyxose_builds acid from,0.95123031496063,0.017133124246992808
18,MU:D-tagatose_builds acid from,0.8867987204724408,0.03411147794763212
18,MU:L-arabinose_builds acid from,0.8616756889763779,0.03434594497806559
18,MU:L-arabitol_builds acid from,0.9889886811023623,0.004324080160135312
18,MU:L-fucose_builds acid from,0.9717027559055118,0.008956828111811671
18,MU:L-rhamnose_builds acid from,0.9088213582677165,0.015209225996563658
18,MU:L-sorbose_builds acid from,0.9607037401574804,0.009569446391634095
18,MU:L-xylose_builds acid from,0.9937130905511811,0.0035145901668082826
18,MU:Potassium 2-ketogluconate_builds acid from,0.981126968503937,0.004335529372219695
18,MU:Potassium 5-ketogluconate_builds acid from,0.9339812992125985,0.016211144598583038
18,MU:amygdalin_builds acid from,0.831705216535433,0.03573425393736025
18,MU:cellobiose_builds acid from,0.8615895669291337,0.0465828179671605
18,MU:erythritol_builds acid from,0.9905634842519685,0.0035283451127087707
18,MU:esculin_builds acid from,0.8648129921259843,0.027823403506015695
18,MU:galactitol_builds acid from,0.9811392716535433,0.00426273508035138
18,MU:inulin_builds acid from,0.874138779527559,0.03221193891729851
18,MU:melezitose_builds acid from,0.8805733267716536,0.027536100733802592
18,MU:methyl alpha-D-mannoside_builds acid from,0.9638287401574803,0.01726829336567195
18,MU:methyl beta-D-xylopyranoside_builds acid from,0.9261195866141732,0.028643161801900876
18,MU:myo-inositol_builds acid from,0.9402312992125985,0.01639977999850357
18,MU:ribitol_builds acid from,0.9779773622047244,0.006617447765187129
18,MU:trehalose_builds acid from,0.8411786417322835,0.030792807425881363
18,MU:xylitol_builds acid from,0.9921382874015748,2.7510678857030112e-05
19,MU:D-arabinose_builds acid from,0.955967027559055,0.007095462218179007
19,MU:D-arabitol_builds acid from,0.9544045275590551,0.011667771568193099
19,MU:D-fructose_builds acid from,0.9087721456692913,0.028815449881465373
19,MU:D-fucose_builds acid from,0.9921382874015748,2.751067885703011e-05
19,MU:D-glucose_builds acid from,0.9449557086614174,0.020111717481510846
19,MU:D-lyxose_builds acid from,0.9575541338582678,0.01532174404581383
19,MU:D-tagatose_builds acid from,0.8694758858267717,0.03512243236531958
19,MU:L-arabitol_builds acid from,0.9890009842519685,0.004279303561168333
19,MU:L-fucose_builds acid from,0.9669537401574804,0.017101731996561766
19,MU:L-rhamnose_builds acid from,0.8946235236220472,0.015559107021936067
19,MU:L-sorbose_builds acid from,0.965415846456693,0.008938261474329003
19,MU:L-xylose_builds acid from,0.9937130905511811,0.0035145901668082826
19,MU:Potassium 2-ketogluconate_builds acid from,0.9811392716535433,0.007012201677460673
19,MU:Potassium 5-ketogluconate_builds acid from,0.9402928149606298,0.02106263639523173
19,MU:amygdalin_builds acid from,0.834990157480315,0.04365923065780984
19,MU:cellobiose_builds acid from,0.8553518700787401,0.04034991371123998
19,MU:erythritol_builds acid from,0.9889886811023623,0.004324080160135318
19,MU:esculin_builds acid from,0.8568897637795276,0.03551226931980755
19,MU:galactitol_builds acid from,0.981126968503937,0.004335529372219707
19,MU:inulin_builds acid from,0.882074311023622,0.01847081401638478
19,MU:melezitose_builds acid from,0.8678764763779527,0.031392577765473724
19,MU:methyl alpha-D-mannoside_builds acid from,0.9575418307086615,0.011962590944507067
19,MU:methyl beta-D-xylopyranoside_builds acid from,0.9198080708661418,0.026362121472230764
19,MU:myo-inositol_builds acid from,0.9386811023622046,0.017946074267737828
19,MU:ribitol_builds acid from,0.9764271653543307,0.007813032795397919
19,MU:trehalose_builds acid from,0.8349655511811024,0.028931452091998287
19,MU:xylitol_builds acid from,0.9921382874015748,2.751067885703011e-05
20,MU:D-arabinose_builds acid from,0.9575295275590552,0.00905364696197321
20,MU:D-arabitol_builds acid from,0.94654281496063,0.01706161201815778
20,MU:D-fructose_builds acid from,0.9041092519685039,0.01689514089125393
20,MU:D-fucose_builds acid from,0.9921382874015748,2.7510678857022353e-05
20,MU:D-glucose_builds acid from,0.9449557086614174,0.01579496343951098
20,MU:D-lyxose_builds acid from,0.9497293307086615,0.017887357924212737
20,MU:D-tagatose_builds acid from,0.877386811023622,0.02028259198452762
20,MU:L-arabitol_builds acid from,0.9858636811023622,0.006521887885687758
20,MU:L-fucose_builds acid from,0.9701156496062993,0.01170420161737269
20,MU:L-rhamnose_builds acid from,0.9135334645669291,0.022208190398644384
20,MU:L-sorbose_builds acid from,0.9701279527559056,0.006574073760758409
20,MU:L-xylose_builds acid from,0.9937130905511811,0.0035145901668082826
20,MU:Potassium 2-ketogluconate_builds acid from,0.9811392716535433,0.007012201677460662
20,MU:Potassium 5-ketogluconate_builds acid from,0.9386934055118111,0.015061412032183516
20,MU:cellobiose_builds acid from,0.8521776574803148,0.022023411024344183
20,MU:erythritol_builds acid from,0.9905634842519685,0.003528345112708771
20,MU:esculin_builds acid from,0.8710506889763779,0.02934038083089297
20,MU:galactitol_builds acid from,0.9811146653543308,0.008996665005206093
20,MU:inulin_builds acid from,0.8757750984251969,0.015247196563301152
20,MU:melezitose_builds acid from,0.8946358267716535,0.0271252503386312
20,MU:methyl alpha-D-mannoside_builds acid from,0.959128937007874,0.010211021233141104
20,MU:methyl beta-D-xylopyranoside_builds acid from,0.9308070866141731,0.019646862586642673
20,MU:myo-inositol_builds acid from,0.9497047244094489,0.018882509118184013
20,MU:ribitol_builds acid from,0.9779896653543307,0.0035016458339593003
20,MU:trehalose_builds acid from,0.8537770669291337,0.0212375491721721
20,MU:xylitol_builds acid from,0.9921382874015748,2.7510678857022353e-05
21,MU:D-arabinose_builds acid from,0.9543922244094489,0.0066624139524617525
21,MU:D-arabitol_builds acid from,0.9496555118110237,0.01438532318893271
21,MU:D-fructose_builds acid from,0.9119463582677166,0.012962435176227097
21,MU:D-fucose_builds acid from,0.9921382874015748,2.7510678857030112e-05
21,MU:D-glucose_builds acid from,0.9449680118110237,0.005571099266323577
21,MU:D-lyxose_builds acid from,0.95279281496063,0.023004076973409573
21,MU:D-tagatose_builds acid from,0.8695374015748032,0.036543626739122544
21,MU:L-arabitol_builds acid from,0.9905757874015748,0.003466345535986385
21,MU:L-fucose_builds acid from,0.9717027559055118,0.008956828111811694
21,MU:L-rhamnose_builds acid from,0.905634842519685,0.012645938218782253
21,MU:L-sorbose_builds acid from,0.9685408464566929,0.013665055707567856
21,MU:L-xylose_builds acid from,0.9937007874015749,0.0035213668937004454
21,MU:Potassium 2-ketogluconate_builds acid from,0.9811392716535433,0.004262735080351379
21,MU:Potassium 5-ketogluconate_builds acid from,0.9418061023622049,0.010661231092957635
21,MU:cellobiose_builds acid from,0.8569758858267716,0.02975003590485584
21,MU:erythritol_builds acid from,0.9905757874015748,0.003466345535986385
21,MU:esculin_builds acid from,0.8584768700787402,0.01858323448055116
21,MU:galactitol_builds acid from,0.9779773622047244,0.011695759955015839
21,MU:inulin_builds acid from,0.883673720472441,0.009826551084085882
21,MU:melezitose_builds acid from,0.8962721456692913,0.021493588277312167
21,MU:methyl alpha-D-mannoside_builds acid from,0.9622662401574804,0.011669490381008467
21,MU:methyl beta-D-xylopyranoside_builds acid from,0.9371186023622048,0.011040011774208299
21,MU:myo-inositol_builds acid from,0.9402805118110237,0.028068928717057733
21,MU:ribitol_builds acid from,0.9779896653543307,0.003501645833959316
21,MU:xylitol_builds acid from,0.9921382874015748,2.7510678857030112e-05
22,MU:D-arabinose_builds acid from,0.9591043307086615,0.010323508246940323
22,MU:D-arabitol_builds acid from,0.9543922244094489,0.01963131278532639
22,MU:D-fructose_builds acid from,0.8977977362204724,0.02490239236562879
22,MU:D-fucose_builds acid from,0.9921382874015748,2.7510678857022353e-05
22,MU:D-glucose_builds acid from,0.9528051181102363,0.018518917227408054
22,MU:D-lyxose_builds acid from,0.9512672244094489,0.012887248237047006
22,MU:D-tagatose_builds acid from,0.897822342519685,0.02714601512005419
22,MU:L-arabitol_builds acid from,0.9874261811023622,0.004290607668195535
22,MU:L-fucose_builds acid from,0.9732898622047245,0.016269048843197277
22,MU:L-rhamnose_builds acid from,0.9119340551181102,0.013053056130971727
22,MU:L-sorbose_builds acid from,0.9716904527559056,0.007074097052566925
22,MU:L-xylose_builds acid from,0.9937130905511811,0.0035145901668082826
22,MU:Potassium 2-ketogluconate_builds acid from,0.9827140748031497,0.006544130742484586
22,MU:Potassium 5-ketogluconate_builds acid from,0.9355068897637796,0.014199455072037051
22,MU:erythritol_builds acid from,0.9889886811023623,0.004324080160135312
22,MU:esculin_builds acid from,0.8757504921259842,0.028219587576073495
22,MU:galactitol_builds acid from,0.9811146653543308,0.008996665005206093
22,MU:inulin_builds acid from,0.8757750984251969,0.015247196563301174
22,MU:methyl alpha-D-mannoside_builds acid from,0.9607037401574804,0.019250321094555108
22,MU:methyl beta-D-xylopyranoside_builds acid from,0.9151082677165355,0.013965023251636597
22,MU:myo-inositol_builds acid from,0.9387057086614174,0.012733730124732353
22,MU:ribitol_builds acid from,0.9795644685039371,0.004279745688225394
22,MU:trehalose_builds acid from,0.8584399606299211,0.033146840532241185
22,MU:xylitol_builds acid from,0.9905634842519685,0.003528345112708771
23,MU:D-arabinose_builds acid from,0.9512426181102361,0.006698666706346048
23,MU:D-arabitol_builds acid from,0.9544168307086615,0.01401438913285705
23,MU:D-fructose_builds acid from,0.9135703740157479,0.03878971574232063
23,MU:D-fucose_builds acid from,0.9921382874015748,2.751067885703011e-05
23,MU:D-glucose_builds acid from,0.9543799212598426,0.01619124404385795
23,MU:D-lyxose_builds acid from,0.9449926181102363,0.015610971017709608
23,MU:L-arabitol_builds acid from,0.9890009842519685,0.004279303561168333
23,MU:L-fucose_builds acid from,0.9716904527559056,0.0090023836348636
23,MU:L-rhamnose_builds acid from,0.9088090551181102,0.02524970810663998
23,MU:L-sorbose_builds acid from,0.9716781496062993,0.009020986093555993
23,MU:L-xylose_builds acid from,0.9937130905511811,0.0035145901668082826
23,MU:Potassium 2-ketogluconate_builds acid from,0.9795767716535433,0.008902584899175957
23,MU:Potassium 5-ketogluconate_builds acid from,0.9418676181102363,0.01786341485695323
23,MU:erythritol_builds acid from,0.9890009842519685,0.004279303561168333
23,MU:esculin_builds acid from,0.8804872047244094,0.01046982851236678
23,MU:galactitol_builds acid from,0.9842765748031497,0.005568041787731889
23,MU:inulin_builds acid from,0.8789000984251969,0.03810888426400792
23,MU:methyl alpha-D-mannoside_builds acid from,0.9638287401574803,0.01196635473994863
23,MU:methyl beta-D-xylopyranoside_builds acid from,0.9213705708661417,0.009759158861976813
23,MU:myo-inositol_builds acid from,0.935531496062992,0.019617255342514506
23,MU:ribitol_builds acid from,0.9779896653543307,0.006577353992800529
23,MU:trehalose_builds acid from,0.8537770669291339,0.016279837924244978
23,MU:xylitol_builds acid from,0.9921382874015748,2.751067885703011e-05
24,MU:D-arabinose_builds acid from,0.9622662401574804,0.003489521135048892
24,MU:D-arabitol_builds acid from,0.9528420275590552,0.018421249988690745
24,MU:D-fructose_builds acid from,0.9025590551181102,0.03393885757788715
24,MU:D-fucose_builds acid from,0.9921382874015748,2.7510678857030112e-05
24,MU:D-glucose_builds acid from,0.9481176181102363,0.006997074951653216
24,MU:D-lyxose_builds acid from,0.9606791338582678,0.018492742991186827
24,MU:L-arabitol_builds acid from,0.9889886811023623,0.004324080160135325
24,MU:L-fucose_builds acid from,0.9701156496062993,0.006632356255489982
24,MU:L-rhamnose_builds acid from,0.9150959645669292,0.01406979603856287
24,MU:L-sorbose_builds acid from,0.9732652559055118,0.0070638188197681365
24,MU:L-xylose_builds acid from,0.9937130905511811,0.0035145901668082826
24,MU:Potassium 2-ketogluconate_builds acid from,0.9842888779527559,0.0055027547268669645
24,MU:Potassium 5-ketogluconate_builds acid from,0.9355684055118111,0.013821453766286903
24,MU:erythritol_builds acid from,0.9889886811023623,0.004324080160135312
24,MU:esculin_builds acid from,0.8883981299212598,0.020102024991745345
24,MU:galactitol_builds acid from,0.981126968503937,0.008988711750725365
24,MU:inulin_builds acid from,0.8804379921259843,0.03423553384624384
24,MU:methyl alpha-D-mannoside_builds acid from,0.9591535433070867,0.016912244367558615
24,MU:methyl beta-D-xylopyranoside_builds acid from,0.9229084645669292,0.02197612538628965
24,MU:myo-inositol_builds acid from,0.9480807086614172,0.01439205592115137
24,MU:ribitol_builds acid from,0.9827017716535433,0.003535523630751825
24,MU:xylitol_builds acid from,0.9921382874015748,2.7510678857030112e-05
25,MU:D-arabinose_builds acid from,0.9528174212598424,0.007951728419558036
25,MU:D-arabitol_builds acid from,0.9544291338582676,0.013935075380946127
25,MU:D-fructose_builds acid from,0.891449311023622,0.022089019434110183
25,MU:D-fucose_builds acid from,0.9921382874015748,2.751067885703011e-05
25,MU:D-glucose_builds acid from,0.949630905511811,0.025312754864195784
25,MU:D-lyxose_builds acid from,0.9543922244094489,0.011721260413211905
25,MU:L-arabitol_builds acid from,0.9905634842519685,0.003528345112708771
25,MU:L-fucose_builds acid from,0.9638164370078741,0.016363674619813577
25,MU:L-rhamnose_builds acid from,0.9119463582677166,0.01615626540071265
25,MU:L-sorbose_builds acid from,0.9732775590551181,0.007002210896346644
25,MU:L-xylose_builds acid from,0.9937130905511811,0.0035145901668082826
25,MU:Potassium 2-ketogluconate_builds acid from,0.9795644685039371,0.00896193880564535
25,MU:Potassium 5-ketogluconate_builds acid from,0.9434055118110235,0.011614590276777546
25,MU:erythritol_builds acid from,0.9889886811023623,0.004324080160135318
25,MU:esculin_builds acid from,0.8852116141732284,0.00719602796057567
25,MU:galactitol_builds acid from,0.9795767716535433,0.010500289514444846
25,MU:methyl alpha-D-mannoside_builds acid from,0.9559547244094488,0.016375672373990936
25,MU:methyl beta-D-xylopyranoside_builds acid from,0.9292076771653542,0.02900669412170847
25,MU:myo-inositol_builds acid from,0.9370939960629923,0.014789619160972553
25,MU:ribitol_builds acid from,0.981126968503937,0.004335529372219688
25,MU:xylitol_builds acid from,0.9921382874015748,2.751067885703011e-05
26,MU:D-arabinose_builds acid from,0.9575172244094489,0.01201460986570681
26,MU:D-arabitol_builds acid from,0.9528174212598426,0.011190625936856878
26,MU:D-fructose_builds acid from,0.9056717519685039,0.03336138027325642
26,MU:D-fucose_builds acid from,0.9921382874015748,2.7510678857030112e-05
26,MU:D-glucose_builds acid from,0.9512426181102362,0.010337904025621241
26,MU:D-lyxose_builds acid from,0.9512426181102362,0.015194489384097586
26,MU:L-arabitol_builds acid from,0.9890009842519685,0.004279303561168315
26,MU:L-fucose_builds acid from,0.9701402559055119,0.010196372091604233
26,MU:L-rhamnose_builds acid from,0.9150713582677165,0.016259928351056073
26,MU:L-sorbose_builds acid from,0.9748277559055119,0.010294876847866088
26,MU:L-xylose_builds acid from,0.9937007874015749,0.0035213668937004454
26,MU:Potassium 2-ketogluconate_builds acid from,0.9827140748031497,0.006544130742484571
26,MU:Potassium 5-ketogluconate_builds acid from,0.9512549212598426,0.010281929902985834
26,MU:erythritol_builds acid from,0.9890009842519685,0.004279303561168315
26,MU:galactitol_builds acid from,0.981126968503937,0.007056690225417561
26,MU:methyl alpha-D-mannoside_builds acid from,0.9544045275590551,0.010253625279256698
26,MU:methyl beta-D-xylopyranoside_builds acid from,0.9370693897637794,0.021648387254106918
26,MU:myo-inositol_builds acid from,0.9371186023622048,0.009533194531453402
26,MU:ribitol_builds acid from,0.9748523622047245,0.00652971627633159
26,MU:xylitol_builds acid from,0.9921382874015748,2.7510678857030112e-05
27,MU:D-arabinose_builds acid from,0.9591166338582677,0.008640674610292465
27,MU:D-arabitol_builds acid from,0.94966781496063,0.013240641375235795
27,MU:D-fucose_builds acid from,0.9921382874015748,2.7510678857022353e-05
27,MU:D-glucose_builds acid from,0.94498031496063,0.024230396441746956
27,MU:D-lyxose_builds acid from,0.9591166338582677,0.010279169213563739
27,MU:L-arabitol_builds acid from,0.9921382874015748,2.7510678857022353e-05
27,MU:L-fucose_builds acid from,0.9669906496062992,0.00651538608210973
27,MU:L-rhamnose_builds acid from,0.9103346456692913,0.019137310938931316
27,MU:L-sorbose_builds acid from,0.9701279527559056,0.010257610336337621
27,MU:L-xylose_builds acid from,0.9937130905511811,0.0035145901668082826
27,MU:Potassium 2-ketogluconate_builds acid from,0.9795521653543308,0.011953825251007596
27,MU:Potassium 5-ketogluconate_builds acid from,0.9543922244094489,0.01709936418920161
27,MU:erythritol_builds acid from,0.9905634842519685,0.003528345112708771
27,MU:galactitol_builds acid from,0.9842642716535434,0.005589544419892464
27,MU:methyl alpha-D-mannoside_builds acid from,0.9559793307086615,0.014284481236172254
27,MU:methyl beta-D-xylopyranoside_builds acid from,0.9355314960629922,0.003582731244724748
27,MU:myo-inositol_builds acid from,0.9339320866141734,0.01643518440189586
27,MU:ribitol_builds acid from,0.9795644685039371,0.007022555457666965
27,MU:xylitol_builds acid from,0.9921382874015748,2.7510678857022353e-05
28,MU:D-arabinose_builds acid from,0.9591166338582677,0.010279169213563739
28,MU:D-arabitol_builds acid from,0.9559670275590552,0.009019182118669603
28,MU:D-fucose_builds acid from,0.9921382874015748,2.7510678857022353e-05
28,MU:D-glucose_builds acid from,0.9512426181102362,0.01711352189479712
28,MU:D-lyxose_builds acid from,0.9638656496062993,0.011771516983726507
28,MU:L-arabitol_builds acid from,0.9921382874015748,2.7510678857022353e-05
28,MU:L-fucose_builds acid from,0.9701402559055119,0.006478107735303406
28,MU:L-sorbose_builds acid from,0.9701525590551181,0.01281525261378603
28,MU:L-xylose_builds acid from,0.9937130905511811,0.0035145901668082826
28,MU:Potassium 2-ketogluconate_builds acid from,0.9779773622047244,0.010285462504196326
28,MU:Potassium 5-ketogluconate_builds acid from,0.9559547244094488,0.014358360689857385
28,MU:erythritol_builds acid from,0.9905634842519685,0.003528345112708771
28,MU:galactitol_builds acid from,0.982689468503937,0.006609952285673165
28,MU:methyl alpha-D-mannoside_builds acid from,0.9543922244094489,0.011721260413211828
28,MU:methyl beta-D-xylopyranoside_builds acid from,0.9465305118110237,0.015185196978444655
28,MU:myo-inositol_builds acid from,0.9355314960629922,0.027510678857034843
28,MU:ribitol_builds acid from,0.9795644685039371,0.008961938805645334
28,MU:xylitol_builds acid from,0.9921382874015748,2.7510678857022353e-05
29,MU:D-arabinose_builds acid from,0.9512549212598426,0.0066119557265355965
29,MU:D-arabitol_builds acid from,0.9607037401574804,0.011071330825265903
29,MU:D-fucose_builds acid from,0.9921382874015748,2.7510678857030112e-05
29,MU:D-glucose_builds acid from,0.9544414370078741,0.016866738649919295
29,MU:D-lyxose_builds acid from,0.9544045275590551,0.0116677715681931
29,MU:L-arabitol_builds acid from,0.9905634842519685,0.003528345112708771
29,MU:L-fucose_builds acid from,0.9701279527559056,0.010257610336337614
29,MU:L-sorbose_builds acid from,0.9732775590551181,0.004246280188210769
29,MU:L-xylose_builds acid from,0.9921382874015748,2.7510678857030112e-05
29,MU:Potassium 2-ketogluconate_builds acid from,0.981126968503937,0.004335529372219707
29,MU:Potassium 5-ketogluconate_builds acid from,0.95279281496063,0.02161451904156796
29,MU:erythritol_builds acid from,0.9905634842519685,0.0035283451127087707
29,MU:galactitol_builds acid from,0.9858513779527559,0.003508016099749819
29,MU:methyl alpha-D-mannoside_builds acid from,0.9575172244094489,0.013242013148508125
29,MU:myo-inositol_builds acid from,0.9339320866141732,0.01208780535597045
29,MU:ribitol_builds acid from,0.9764148622047244,0.009644013559583607
29,MU:xylitol_builds acid from,0.9921382874015748,2.7510678857030112e-05
30,MU:D-arabitol_builds acid from,0.959128937007874,0.012894381668924933
30,MU:D-fucose_builds acid from,0.9921382874015748,2.7510678857030112e-05
30,MU:D-glucose_builds acid from,0.9465182086614174,0.01713473651962084
30,MU:D-lyxose_builds acid from,0.959128937007874,0.003356302820558216
30,MU:L-arabitol_builds acid from,0.9905634842519685,0.003528345112708771
30,MU:L-fucose_builds acid from,0.9717027559055118,0.013161495197161767
30,MU:L-sorbose_builds acid from,0.9732775590551181,0.014283951394398375
30,MU:L-xylose_builds acid from,0.9937007874015749,0.0035213668937004454
30,MU:Potassium 2-ketogluconate_builds acid from,0.9779896653543307,0.003501645833959316
30,MU:Potassium 5-ketogluconate_builds acid from,0.9575541338582678,0.0069825116258182204
30,MU:erythritol_builds acid from,0.9890132874015748,0.006960201750829824
30,MU:galactitol_builds acid from,0.9779773622047244,0.010285462504196319
30,MU:methyl alpha-D-mannoside_builds acid from,0.959165846456693,0.02236469296838033
30,MU:myo-inositol_builds acid from,0.9402682086614174,0.01623607921979543
30,MU:ribitol_builds acid from,0.9795644685039371,0.004279745688225394
30,MU:xylitol_builds acid from,0.9921382874015748,2.7510678857030112e-05
31,MU:D-arabitol_builds acid from,0.9575787401574803,0.021156838911417442
31,MU:D-fucose_builds acid from,0.9905634842519685,0.0035283451127087707
31,MU:D-glucose_builds acid from,0.9528543307086613,0.01836230137668545
31,MU:D-lyxose_builds acid from,0.9638410433070866,0.0070096108428162225
31,MU:L-arabitol_builds acid from,0.9921382874015748,2.751067885703011e-05
31,MU:L-fucose_builds acid from,0.9685408464566929,0.012479330330222402
31,MU:L-sorbose_builds acid from,0.9732652559055118,0.014314253257474907
31,MU:L-xylose_builds acid from,0.9937130905511811,0.0035145901668082826
31,MU:Potassium 2-ketogluconate_builds acid from,0.9811392716535433,0.007012201677460661
31,MU:Potassium 5-ketogluconate_builds acid from,0.9512426181102362,0.014137625176928627
31,MU:erythritol_builds acid from,0.9905634842519685,0.0035283451127087707
31,MU:galactitol_builds acid from,0.9811392716535433,0.007012201677460666
31,MU:methyl alpha-D-mannoside_builds acid from,0.9575295275590552,0.018999186332923836
31,MU:ribitol_builds acid from,0.9842642716535434,0.0096562482788192
31,MU:xylitol_builds acid from,0.9921382874015748,2.751067885703011e-05
32,MU:D-arabitol_builds acid from,0.9575541338582678,0.016302021426975115
32,MU:D-fucose_builds acid from,0.9921382874015748,2.751067885703011e-05
32,MU:D-glucose_builds acid from,0.9544168307086613,0.023181971114823455
32,MU:D-lyxose_builds acid from,0.9606791338582676,0.005655167843384187
32,MU:L-arabitol_builds acid from,0.9905634842519685,0.0035283451127087707
32,MU:L-fucose_builds acid from,0.9685408464566929,0.011168420814541533
32,MU:L-sorbose_builds acid from,0.9779773622047244,0.006617447765187114
32,MU:L-xylose_builds acid from,0.9937130905511811,0.0035145901668082826
32,MU:Potassium 2-ketogluconate_builds acid from,0.9795644685039371,0.008961938805645385
32,MU:erythritol_builds acid from,0.9874138779527559,0.007053096400041257
32,MU:galactitol_builds acid from,0.981126968503937,0.008988711750725364
32,MU:methyl alpha-D-mannoside_builds acid from,0.9622416338582678,0.024550271474162864
32,MU:ribitol_builds acid from,0.9827017716535433,0.0035355236307518245
32,MU:xylitol_builds acid from,0.9921382874015748,2.751067885703011e-05
33,MU:D-arabitol_builds acid from,0.9622662401574804,0.008612600173710723
33,MU:D-fucose_builds acid from,0.9921382874015748,2.751067885703011e-05
33,MU:D-lyxose_builds acid from,0.9607037401574802,0.005438214802865928
33,MU:L-arabitol_builds acid from,0.9921382874015748,2.751067885703011e-05
33,MU:L-fucose_builds acid from,0.9732775590551181,0.007002210896346644
33,MU:L-sorbose_builds acid from,0.9717027559055118,0.008956828111811716
33,MU:L-xylose_builds acid from,0.9921382874015748,2.751067885703011e-05
33,MU:Potassium 2-ketogluconate_builds acid from,0.9827140748031497,0.006544130742484582
33,MU:erythritol_builds acid from,0.9905634842519685,0.0035283451127087707
33,MU:galactitol_builds acid from,0.9811515748031496,0.00889169654787742
33,MU:methyl alpha-D-mannoside_builds acid from,0.9512426181102361,0.02188316713011267
33,MU:ribitol_builds acid from,0.9811392716535433,0.004262735080351379
33,MU:xylitol_builds acid from,0.9921382874015748,2.751067885703011e-05
34,MU:D-fucose_builds acid from,0.9921382874015748,2.7510678857030112e-05
34,MU:D-lyxose_builds acid from,0.9575787401574803,0.012985040420520401
34,MU:L-arabitol_builds acid from,0.9858513779527559,0.006580747598580862
34,MU:L-fucose_builds acid from,0.9716781496062993,0.009020986093556014
34,MU:L-sorbose_builds acid from,0.9764271653543307,0.009593932637979455
34,MU:L-xylose_builds acid from,0.9937130905511811,0.0035145901668082826
34,MU:Potassium 2-ketogluconate_builds acid from,0.9779896653543307,0.006577353992800484
34,MU:erythritol_builds acid from,0.9905634842519685,0.003528345112708771
34,MU:galactitol_builds acid from,0.9827140748031497,0.006544130742484579
34,MU:methyl alpha-D-mannoside_builds acid from,0.9622785433070866,0.01402440335492132
34,MU:ribitol_builds acid from,0.981126968503937,0.0070566902254175536
34,MU:xylitol_builds acid from,0.9905634842519685,0.0035283451127087863
35,MU:D-fucose_builds acid from,0.9905634842519685,0.0035283451127087707
35,MU:D-lyxose_builds acid from,0.9606914370078741,0.0055694688199507646
35,MU:L-arabitol_builds acid from,0.9921382874015748,2.7510678857030112e-05
35,MU:L-fucose_builds acid from,0.9748646653543307,0.008499375146279499
35,MU:L-sorbose_builds acid from,0.9779650590551181,0.011697733456096274
35,MU:L-xylose_builds acid from,0.9937130905511811,0.0035145901668082826
35,MU:Potassium 2-ketogluconate_builds acid from,0.9779773622047244,0.010285462504196333
35,MU:erythritol_builds acid from,0.9889886811023623,0.007049661781348082
35,MU:galactitol_builds acid from,0.9811392716535433,0.007012201677460666
35,MU:ribitol_builds acid from,0.981126968503937,0.004335529372219688
35,MU:xylitol_builds acid from,0.9921382874015748,2.7510678857030112e-05
36,MU:D-fucose_builds acid from,0.9921382874015748,2.7510678857030112e-05
36,MU:L-arabitol_builds acid from,0.9905634842519685,0.003528345112708771
36,MU:L-fucose_builds acid from,0.9701402559055119,0.010196372091604235
36,MU:L-sorbose_builds acid from,0.9748400590551182,0.006599409907549319
36,MU:L-xylose_builds acid from,0.9937130905511811,0.0035145901668082826
36,MU:Potassium 2-ketogluconate_builds acid from,0.9795521653543308,0.0043466872594115
36,MU:erythritol_builds acid from,0.9889886811023623,0.007049661781348083
36,MU:galactitol_builds acid from,0.9811392716535433,0.007012201677460666
36,MU:ribitol_builds acid from,0.9842765748031497,0.005568041787731884
36,MU:xylitol_builds acid from,0.9905634842519685,0.0035283451127087785
37,MU:D-fucose_builds acid from,0.9921382874015748,2.7510678857030112e-05
37,MU:L-arabitol_builds acid from,0.9889886811023623,0.007049661781348091
37,MU:L-fucose_builds acid from,0.9716781496062993,0.009020986093555977
37,MU:L-xylose_builds acid from,0.9937007874015749,0.0035213668937004454
37,MU:Potassium 2-ketogluconate_builds acid from,0.9811392716535433,0.007012201677460665
37,MU:erythritol_builds acid from,0.9905757874015748,0.003466345535986385
37,MU:galactitol_builds acid from,0.9858513779527559,0.003508016099749819
37,MU:ribitol_builds acid from,0.9842765748031497,5.5021357714060224e-05
37,MU:xylitol_builds acid from,0.9921382874015748,2.7510678857030112e-05
38,MU:D-fucose_builds acid from,0.9921382874015748,2.7510678857030112e-05
38,MU:L-arabitol_builds acid from,0.9921382874015748,2.7510678857030112e-05
38,MU:L-fucose_builds acid from,0.9669906496062992,0.006515386082109715
38,MU:L-xylose_builds acid from,0.9937130905511811,0.0035145901668082826
38,MU:erythritol_builds acid from,0.9921382874015748,0.005567837896129427
38,MU:galactitol_builds acid from,0.9858513779527559,0.003508016099749819
38,MU:ribitol_builds acid from,0.9842765748031497,0.005568041787731883
38,MU:xylitol_builds acid from,0.9921382874015748,2.7510678857030112e-05
39,MU:D-fucose_builds acid from,0.9921382874015748,2.751067885703011e-05
39,MU:L-arabitol_builds acid from,0.9889886811023623,0.004324080160135318
39,MU:L-fucose_builds acid from,0.9685531496062992,0.009644288226696225
39,MU:L-xylose_builds acid from,0.9937130905511811,0.0035145901668082826
39,MU:erythritol_builds acid from,0.9905634842519685,0.0035283451127087707
39,MU:ribitol_builds acid from,0.9858390748031496,0.0066026202393538675
39,MU:xylitol_builds acid from,0.9921382874015748,2.751067885703011e-05
40,MU:D-fucose_builds acid from,0.9921382874015748,2.751067885703011e-05
40,MU:L-arabitol_builds acid from,0.9905757874015748,0.003466345535986393
40,MU:L-fucose_builds acid from,0.9685654527559056,0.0054596742590125175
40,MU:L-xylose_builds acid from,0.9937130905511811,0.0035145901668082826
40,MU:erythritol_builds acid from,0.9890009842519685,0.004279303561168333
40,MU:xylitol_builds acid from,0.9905634842519685,0.0035283451127087707
41,MU:D-fucose_builds acid from,0.9921382874015748,2.7510678857022353e-05
41,MU:L-arabitol_builds acid from,0.9921382874015748,2.7510678857022353e-05
41,MU:L-fucose_builds acid from,0.9701156496062993,0.006632356255489984
41,MU:erythritol_builds acid from,0.9889886811023623,0.004324080160135312
41,MU:xylitol_builds acid from,0.9921382874015748,2.7510678857022353e-05
42,MU:D-fucose_builds acid from,0.9921382874015748,2.7510678857030112e-05
42,MU:erythritol_builds acid from,0.9889886811023623,0.004324080160135312
42,MU:galactitol_builds acid from,0.9827017716535433,0.00353552363075184
42,MU:xylitol_builds acid from,0.9921382874015748,2.7510678857030112e-05
43,MU:D-fucose_builds acid from,0.9937130905511811,0.0035145901668082826
43,MU:galactitol_builds acid from,0.9842765748031497,0.005568041787731884
43,MU:xylitol_builds acid from,0.9921382874015748,2.7510678857022353e-05
44,MU:D-fucose_builds acid from,0.9921382874015748,2.7510678857022353e-05
44,MU:galactitol_builds acid from,0.981126968503937,0.00433552937221972
45,MU:galactitol_builds acid from,0.9842765748031497,0.005568041787731884
